request_time,request_url,response_code,response_size,last_update_local,last_update_remote,source_register
20200515 18:57:31 GMT,https://www.who.int/ictrp/en/,200,73413,20200515,20200515,ICTRP
20200515 19:04:52 GMT,https://clinicaltrials.gov/ct2/download_studies?cond=COVID-19&lupd_s=05%2F16%2F2020,404,21,20200515,,ClinicalTrials.gov
20200515 19:57:31 GMT,https://www.who.int/ictrp/en/,200,73413,20200515,20200515,ICTRP
20200515 20:03:57 GMT,https://clinicaltrials.gov/ct2/download_studies?cond=COVID-19&lupd_s=05%2F16%2F2020,404,21,20200515,,ClinicalTrials.gov
20200515 20:57:31 GMT,https://www.who.int/ictrp/en/,200,73413,20200515,20200515,ICTRP
20200515 21:03:57 GMT,https://clinicaltrials.gov/ct2/download_studies?cond=COVID-19&lupd_s=05%2F16%2F2020,404,21,20200515,,ClinicalTrials.gov
20200515 21:57:31 GMT,https://www.who.int/ictrp/en/,200,73413,20200515,20200515,ICTRP
20200515 22:03:57 GMT,https://clinicaltrials.gov/ct2/download_studies?cond=COVID-19&lupd_s=05%2F16%2F2020,404,21,20200515,,ClinicalTrials.gov
20200515 22:57:31 GMT,https://www.who.int/ictrp/en/,200,73413,20200515,20200515,ICTRP
20200515 23:03:57 GMT,https://clinicaltrials.gov/ct2/download_studies?cond=COVID-19&lupd_s=05%2F16%2F2020,404,21,20200515,,ClinicalTrials.gov
20200515 23:57:31 GMT,https://www.who.int/ictrp/en/,200,73413,20200515,20200515,ICTRP
20200516 00:03:57 GMT,https://clinicaltrials.gov/ct2/download_studies?cond=COVID-19&lupd_s=05%2F16%2F2020,404,21,20200515,,ClinicalTrials.gov
20200516 00:57:31 GMT,https://www.who.int/ictrp/en/,200,73413,20200515,20200515,ICTRP
20200516 01:03:57 GMT,https://clinicaltrials.gov/ct2/download_studies?cond=COVID-19&lupd_s=05%2F16%2F2020,404,21,20200515,,ClinicalTrials.gov
20200516 01:57:32 GMT,https://www.who.int/ictrp/en/,200,73413,20200515,20200515,ICTRP
20200516 02:03:58 GMT,https://clinicaltrials.gov/ct2/download_studies?cond=COVID-19&lupd_s=05%2F16%2F2020,404,21,20200515,,ClinicalTrials.gov
20200516 02:57:31 GMT,https://www.who.int/ictrp/en/,200,73413,20200515,20200515,ICTRP
20200516 03:03:57 GMT,https://clinicaltrials.gov/ct2/download_studies?cond=COVID-19&lupd_s=05%2F16%2F2020,404,21,20200515,,ClinicalTrials.gov
20200516 03:57:32 GMT,https://www.who.int/ictrp/en/,200,73413,20200515,20200515,ICTRP
20200516 04:03:57 GMT,https://clinicaltrials.gov/ct2/download_studies?cond=COVID-19&lupd_s=05%2F16%2F2020,404,21,20200515,,ClinicalTrials.gov
20200516 04:57:31 GMT,https://www.who.int/ictrp/en/,200,73413,20200515,20200515,ICTRP
20200516 05:03:57 GMT,https://clinicaltrials.gov/ct2/download_studies?cond=COVID-19&lupd_s=05%2F16%2F2020,404,21,20200515,,ClinicalTrials.gov
20200516 05:57:31 GMT,https://www.who.int/ictrp/en/,200,73413,20200515,20200515,ICTRP
20200516 06:03:57 GMT,https://clinicaltrials.gov/ct2/download_studies?cond=COVID-19&lupd_s=05%2F16%2F2020,404,21,20200515,,ClinicalTrials.gov
20200516 06:57:32 GMT,https://www.who.int/ictrp/en/,200,73413,20200515,20200515,ICTRP
20200516 07:03:57 GMT,https://clinicaltrials.gov/ct2/download_studies?cond=COVID-19&lupd_s=05%2F16%2F2020,404,21,20200515,,ClinicalTrials.gov
20200516 07:57:32 GMT,https://www.who.int/ictrp/en/,200,73413,20200515,20200515,ICTRP
20200516 08:03:58 GMT,https://clinicaltrials.gov/ct2/download_studies?cond=COVID-19&lupd_s=05%2F16%2F2020,404,21,20200515,,ClinicalTrials.gov
20200516 08:57:32 GMT,https://www.who.int/ictrp/en/,200,73413,20200515,20200515,ICTRP
20200516 09:03:57 GMT,https://clinicaltrials.gov/ct2/download_studies?cond=COVID-19&lupd_s=05%2F16%2F2020,404,21,20200515,,ClinicalTrials.gov
20200516 09:57:32 GMT,https://www.who.int/ictrp/en/,200,73413,20200515,20200515,ICTRP
20200516 10:03:57 GMT,https://clinicaltrials.gov/ct2/download_studies?cond=COVID-19&lupd_s=05%2F16%2F2020,404,21,20200515,,ClinicalTrials.gov
20200516 10:57:32 GMT,https://www.who.int/ictrp/en/,200,73413,20200515,20200515,ICTRP
20200516 11:03:57 GMT,https://clinicaltrials.gov/ct2/download_studies?cond=COVID-19&lupd_s=05%2F16%2F2020,404,21,20200515,,ClinicalTrials.gov
20200516 11:57:32 GMT,https://www.who.int/ictrp/en/,200,73413,20200515,20200515,ICTRP
20200516 12:03:57 GMT,https://clinicaltrials.gov/ct2/download_studies?cond=COVID-19&lupd_s=05%2F16%2F2020,404,21,20200515,,ClinicalTrials.gov
20200516 12:57:32 GMT,https://www.who.int/ictrp/en/,200,73413,20200515,20200515,ICTRP
20200516 13:03:57 GMT,https://clinicaltrials.gov/ct2/download_studies?cond=COVID-19&lupd_s=05%2F16%2F2020,404,21,20200515,,ClinicalTrials.gov
20200516 13:57:32 GMT,https://www.who.int/ictrp/en/,200,73413,20200515,20200515,ICTRP
20200516 14:03:57 GMT,https://clinicaltrials.gov/ct2/download_studies?cond=COVID-19&lupd_s=05%2F16%2F2020,404,21,20200515,,ClinicalTrials.gov
20200516 14:57:32 GMT,https://www.who.int/ictrp/en/,200,73413,20200515,20200515,ICTRP
20200516 15:03:58 GMT,https://clinicaltrials.gov/ct2/download_studies?cond=COVID-19&lupd_s=05%2F16%2F2020,404,21,20200515,,ClinicalTrials.gov
20200516 15:57:32 GMT,https://www.who.int/ictrp/en/,200,73413,20200515,20200515,ICTRP
20200516 16:03:57 GMT,https://clinicaltrials.gov/ct2/download_studies?cond=COVID-19&lupd_s=05%2F16%2F2020,404,21,20200515,,ClinicalTrials.gov
20200516 16:57:32 GMT,https://www.who.int/ictrp/en/,200,73413,20200515,20200515,ICTRP
20200516 17:03:57 GMT,https://clinicaltrials.gov/ct2/download_studies?cond=COVID-19&lupd_s=05%2F16%2F2020,404,21,20200515,,ClinicalTrials.gov
20200516 17:57:32 GMT,https://www.who.int/ictrp/en/,200,73413,20200515,20200515,ICTRP
20200516 18:03:57 GMT,https://clinicaltrials.gov/ct2/download_studies?cond=COVID-19&lupd_s=05%2F16%2F2020,404,21,20200515,,ClinicalTrials.gov
20200516 18:57:32 GMT,https://www.who.int/ictrp/en/,200,73413,20200515,20200515,ICTRP
20200516 19:03:57 GMT,https://clinicaltrials.gov/ct2/download_studies?cond=COVID-19&lupd_s=05%2F16%2F2020,404,21,20200515,,ClinicalTrials.gov
20200516 19:57:32 GMT,https://www.who.int/ictrp/en/,200,73413,20200515,20200515,ICTRP
20200516 20:03:57 GMT,https://clinicaltrials.gov/ct2/download_studies?cond=COVID-19&lupd_s=05%2F16%2F2020,404,21,20200515,,ClinicalTrials.gov
20200516 20:57:33 GMT,https://www.who.int/ictrp/en/,200,73413,20200515,20200515,ICTRP
20200516 21:03:58 GMT,https://clinicaltrials.gov/ct2/download_studies?cond=COVID-19&lupd_s=05%2F16%2F2020,404,21,20200515,,ClinicalTrials.gov
20200516 21:57:32 GMT,https://www.who.int/ictrp/en/,200,73413,20200515,20200515,ICTRP
20200516 22:03:57 GMT,https://clinicaltrials.gov/ct2/download_studies?cond=COVID-19&lupd_s=05%2F16%2F2020,404,21,20200515,,ClinicalTrials.gov
20200516 22:57:33 GMT,https://www.who.int/ictrp/en/,200,73413,20200515,20200515,ICTRP
20200518 06:57:33 GMT,https://www.who.int/ictrp/en/,200,73413,20200515,20200515,ICTRP
20200516 23:03:57 GMT,https://clinicaltrials.gov/ct2/download_studies?cond=COVID-19&lupd_s=05%2F16%2F2020,404,21,20200515,,ClinicalTrials.gov
20200516 23:57:32 GMT,https://www.who.int/ictrp/en/,200,73413,20200515,20200515,ICTRP
20200517 00:03:57 GMT,https://clinicaltrials.gov/ct2/download_studies?cond=COVID-19&lupd_s=05%2F16%2F2020,404,21,20200515,,ClinicalTrials.gov
20200517 00:57:32 GMT,https://www.who.int/ictrp/en/,200,73413,20200515,20200515,ICTRP
20200517 01:03:57 GMT,https://clinicaltrials.gov/ct2/download_studies?cond=COVID-19&lupd_s=05%2F16%2F2020,404,21,20200515,,ClinicalTrials.gov
20200517 01:57:32 GMT,https://www.who.int/ictrp/en/,200,73413,20200515,20200515,ICTRP
20200517 02:03:57 GMT,https://clinicaltrials.gov/ct2/download_studies?cond=COVID-19&lupd_s=05%2F16%2F2020,404,21,20200515,,ClinicalTrials.gov
20200517 02:57:32 GMT,https://www.who.int/ictrp/en/,200,73413,20200515,20200515,ICTRP
20200517 03:03:58 GMT,https://clinicaltrials.gov/ct2/download_studies?cond=COVID-19&lupd_s=05%2F16%2F2020,404,21,20200515,,ClinicalTrials.gov
20200517 03:57:32 GMT,https://www.who.int/ictrp/en/,200,73413,20200515,20200515,ICTRP
20200517 04:03:58 GMT,https://clinicaltrials.gov/ct2/download_studies?cond=COVID-19&lupd_s=05%2F16%2F2020,404,21,20200515,,ClinicalTrials.gov
20200517 04:57:33 GMT,https://www.who.int/ictrp/en/,200,73413,20200515,20200515,ICTRP
20200517 05:03:58 GMT,https://clinicaltrials.gov/ct2/download_studies?cond=COVID-19&lupd_s=05%2F16%2F2020,404,21,20200515,,ClinicalTrials.gov
20200517 05:57:32 GMT,https://www.who.int/ictrp/en/,200,73413,20200515,20200515,ICTRP
20200517 06:03:58 GMT,https://clinicaltrials.gov/ct2/download_studies?cond=COVID-19&lupd_s=05%2F16%2F2020,404,21,20200515,,ClinicalTrials.gov
20200517 06:57:33 GMT,https://www.who.int/ictrp/en/,200,73413,20200515,20200515,ICTRP
20200517 07:03:58 GMT,https://clinicaltrials.gov/ct2/download_studies?cond=COVID-19&lupd_s=05%2F16%2F2020,404,21,20200515,,ClinicalTrials.gov
20200517 07:57:33 GMT,https://www.who.int/ictrp/en/,200,73413,20200515,20200515,ICTRP
20200517 08:03:58 GMT,https://clinicaltrials.gov/ct2/download_studies?cond=COVID-19&lupd_s=05%2F16%2F2020,404,21,20200515,,ClinicalTrials.gov
20200517 08:57:33 GMT,https://www.who.int/ictrp/en/,200,73413,20200515,20200515,ICTRP
20200517 09:03:58 GMT,https://clinicaltrials.gov/ct2/download_studies?cond=COVID-19&lupd_s=05%2F16%2F2020,404,21,20200515,,ClinicalTrials.gov
20200517 09:57:32 GMT,https://www.who.int/ictrp/en/,200,73413,20200515,20200515,ICTRP
20200517 10:03:58 GMT,https://clinicaltrials.gov/ct2/download_studies?cond=COVID-19&lupd_s=05%2F16%2F2020,404,21,20200515,,ClinicalTrials.gov
20200517 10:57:32 GMT,https://www.who.int/ictrp/en/,200,73413,20200515,20200515,ICTRP
20200517 11:03:58 GMT,https://clinicaltrials.gov/ct2/download_studies?cond=COVID-19&lupd_s=05%2F16%2F2020,404,21,20200515,,ClinicalTrials.gov
20200517 11:57:32 GMT,https://www.who.int/ictrp/en/,200,73413,20200515,20200515,ICTRP
20200517 12:03:58 GMT,https://clinicaltrials.gov/ct2/download_studies?cond=COVID-19&lupd_s=05%2F16%2F2020,404,21,20200515,,ClinicalTrials.gov
20200517 12:57:33 GMT,https://www.who.int/ictrp/en/,200,73413,20200515,20200515,ICTRP
20200517 13:03:58 GMT,https://clinicaltrials.gov/ct2/download_studies?cond=COVID-19&lupd_s=05%2F16%2F2020,404,21,20200515,,ClinicalTrials.gov
20200517 13:57:32 GMT,https://www.who.int/ictrp/en/,200,73413,20200515,20200515,ICTRP
20200517 14:03:58 GMT,https://clinicaltrials.gov/ct2/download_studies?cond=COVID-19&lupd_s=05%2F16%2F2020,404,21,20200515,,ClinicalTrials.gov
20200517 14:57:32 GMT,https://www.who.int/ictrp/en/,200,73413,20200515,20200515,ICTRP
20200517 15:03:58 GMT,https://clinicaltrials.gov/ct2/download_studies?cond=COVID-19&lupd_s=05%2F16%2F2020,404,21,20200515,,ClinicalTrials.gov
20200517 15:57:33 GMT,https://www.who.int/ictrp/en/,200,73413,20200515,20200515,ICTRP
20200517 16:03:58 GMT,https://clinicaltrials.gov/ct2/download_studies?cond=COVID-19&lupd_s=05%2F16%2F2020,404,21,20200515,,ClinicalTrials.gov
20200517 16:57:32 GMT,https://www.who.int/ictrp/en/,200,73413,20200515,20200515,ICTRP
20200517 17:03:58 GMT,https://clinicaltrials.gov/ct2/download_studies?cond=COVID-19&lupd_s=05%2F16%2F2020,404,21,20200515,,ClinicalTrials.gov
20200517 17:57:33 GMT,https://www.who.int/ictrp/en/,200,73413,20200515,20200515,ICTRP
20200517 18:03:58 GMT,https://clinicaltrials.gov/ct2/download_studies?cond=COVID-19&lupd_s=05%2F16%2F2020,404,21,20200515,,ClinicalTrials.gov
20200517 18:57:32 GMT,https://www.who.int/ictrp/en/,200,73413,20200515,20200515,ICTRP
20200517 19:03:58 GMT,https://clinicaltrials.gov/ct2/download_studies?cond=COVID-19&lupd_s=05%2F16%2F2020,404,21,20200515,,ClinicalTrials.gov
20200517 19:57:33 GMT,https://www.who.int/ictrp/en/,200,73413,20200515,20200515,ICTRP
20200517 20:03:58 GMT,https://clinicaltrials.gov/ct2/download_studies?cond=COVID-19&lupd_s=05%2F16%2F2020,404,21,20200515,,ClinicalTrials.gov
20200517 20:57:33 GMT,https://www.who.int/ictrp/en/,200,73413,20200515,20200515,ICTRP
20200517 21:03:58 GMT,https://clinicaltrials.gov/ct2/download_studies?cond=COVID-19&lupd_s=05%2F16%2F2020,404,21,20200515,,ClinicalTrials.gov
20200517 21:57:33 GMT,https://www.who.int/ictrp/en/,200,73413,20200515,20200515,ICTRP
20200517 22:03:58 GMT,https://clinicaltrials.gov/ct2/download_studies?cond=COVID-19&lupd_s=05%2F16%2F2020,404,21,20200515,,ClinicalTrials.gov
20200517 22:57:33 GMT,https://www.who.int/ictrp/en/,200,73413,20200515,20200515,ICTRP
20200517 23:03:58 GMT,https://clinicaltrials.gov/ct2/download_studies?cond=COVID-19&lupd_s=05%2F16%2F2020,404,21,20200515,,ClinicalTrials.gov
20200517 23:57:33 GMT,https://www.who.int/ictrp/en/,200,73413,20200515,20200515,ICTRP
20200518 00:03:58 GMT,https://clinicaltrials.gov/ct2/download_studies?cond=COVID-19&lupd_s=05%2F16%2F2020,404,21,20200515,,ClinicalTrials.gov
20200518 00:57:33 GMT,https://www.who.int/ictrp/en/,200,73413,20200515,20200515,ICTRP
20200518 01:03:58 GMT,https://clinicaltrials.gov/ct2/download_studies?cond=COVID-19&lupd_s=05%2F16%2F2020,404,21,20200515,,ClinicalTrials.gov
20200518 01:57:34 GMT,https://www.who.int/ictrp/en/,200,73413,20200515,20200515,ICTRP
20200518 02:03:58 GMT,https://clinicaltrials.gov/ct2/download_studies?cond=COVID-19&lupd_s=05%2F16%2F2020,404,21,20200515,,ClinicalTrials.gov
20200518 02:57:33 GMT,https://www.who.int/ictrp/en/,200,73413,20200515,20200515,ICTRP
20200518 03:03:59 GMT,https://clinicaltrials.gov/ct2/download_studies?cond=COVID-19&lupd_s=05%2F16%2F2020,404,21,20200515,,ClinicalTrials.gov
20200518 03:57:33 GMT,https://www.who.int/ictrp/en/,200,73413,20200515,20200515,ICTRP
20200518 04:03:58 GMT,https://clinicaltrials.gov/ct2/download_studies?cond=COVID-19&lupd_s=05%2F16%2F2020,404,21,20200515,,ClinicalTrials.gov
20200518 04:57:33 GMT,https://www.who.int/ictrp/en/,200,73413,20200515,20200515,ICTRP
20200518 05:03:58 GMT,https://clinicaltrials.gov/ct2/download_studies?cond=COVID-19&lupd_s=05%2F16%2F2020,404,21,20200515,,ClinicalTrials.gov
20200518 05:57:33 GMT,https://www.who.int/ictrp/en/,200,73413,20200515,20200515,ICTRP
20200518 06:03:58 GMT,https://clinicaltrials.gov/ct2/download_studies?cond=COVID-19&lupd_s=05%2F16%2F2020,404,21,20200515,,ClinicalTrials.gov
20200518 07:03:58 GMT,https://clinicaltrials.gov/ct2/download_studies?cond=COVID-19&lupd_s=05%2F16%2F2020,404,21,20200515,,ClinicalTrials.gov
20200518 07:57:33 GMT,https://www.who.int/ictrp/en/,200,73552,20200515,20200515,ICTRP
20200518 08:03:58 GMT,https://clinicaltrials.gov/ct2/download_studies?cond=COVID-19&lupd_s=05%2F16%2F2020,404,21,20200515,,ClinicalTrials.gov
20200518 08:57:33 GMT,https://www.who.int/ictrp/en/,200,74253,20200515,20200515,ICTRP
20200518 09:03:59 GMT,https://clinicaltrials.gov/ct2/download_studies?cond=COVID-19&lupd_s=05%2F16%2F2020,404,21,20200515,,ClinicalTrials.gov
20200518 09:57:38 GMT,https://www.who.int/ictrp/en/,200,74253,20200515,20200515,ICTRP
20200518 10:03:58 GMT,https://clinicaltrials.gov/ct2/download_studies?cond=COVID-19&lupd_s=05%2F16%2F2020,404,21,20200515,,ClinicalTrials.gov
20200518 11:03:58 GMT,https://clinicaltrials.gov/ct2/download_studies?cond=COVID-19&lupd_s=05%2F16%2F2020,404,21,20200515,,ClinicalTrials.gov
20200518 11:57:33 GMT,https://www.who.int/ictrp/en/,200,73552,20200515,20200515,ICTRP
20200518 12:03:58 GMT,https://clinicaltrials.gov/ct2/download_studies?cond=COVID-19&lupd_s=05%2F16%2F2020,404,21,20200515,,ClinicalTrials.gov
20200518 12:57:33 GMT,https://www.who.int/ictrp/en/,200,73552,20200515,20200515,ICTRP
20200518 13:03:58 GMT,https://clinicaltrials.gov/ct2/download_studies?cond=COVID-19&lupd_s=05%2F16%2F2020,404,21,20200515,,ClinicalTrials.gov
20200518 13:57:33 GMT,https://www.who.int/ictrp/en/,200,73552,20200515,20200515,ICTRP
20200518 14:03:58 GMT,https://clinicaltrials.gov/ct2/download_studies?cond=COVID-19&lupd_s=05%2F16%2F2020,404,21,20200515,,ClinicalTrials.gov
20200518 14:57:34 GMT,https://www.who.int/ictrp/en/,200,73552,20200515,20200515,ICTRP
20200518 15:03:58 GMT,https://clinicaltrials.gov/ct2/download_studies?cond=COVID-19&lupd_s=05%2F16%2F2020,404,21,20200515,,ClinicalTrials.gov
20200518 15:57:33 GMT,https://www.who.int/ictrp/en/,200,73552,20200515,20200515,ICTRP
20200518 16:03:59 GMT,https://clinicaltrials.gov/ct2/download_studies?cond=COVID-19&lupd_s=05%2F16%2F2020,200,21,20200515,,ClinicalTrials.gov
20200518 16:57:33 GMT,https://www.who.int/ictrp/en/,200,73552,20200515,20200515,ICTRP
20200518 17:03:59 GMT,https://clinicaltrials.gov/ct2/download_studies?cond=COVID-19&lupd_s=05%2F19%2F2020,404,21,20200518,,ClinicalTrials.gov
20200518 17:57:33 GMT,https://www.who.int/ictrp/en/,200,73552,20200515,20200515,ICTRP
20200518 18:03:58 GMT,https://clinicaltrials.gov/ct2/download_studies?cond=COVID-19&lupd_s=05%2F19%2F2020,404,21,20200518,,ClinicalTrials.gov
20200518 18:57:33 GMT,https://www.who.int/ictrp/en/,200,73552,20200515,20200515,ICTRP
20200518 19:03:58 GMT,https://clinicaltrials.gov/ct2/download_studies?cond=COVID-19&lupd_s=05%2F19%2F2020,404,21,20200518,,ClinicalTrials.gov
20200518 19:57:33 GMT,https://www.who.int/ictrp/en/,200,73552,20200515,20200515,ICTRP
20200518 20:03:58 GMT,https://clinicaltrials.gov/ct2/download_studies?cond=COVID-19&lupd_s=05%2F19%2F2020,404,21,20200518,,ClinicalTrials.gov
20200518 20:57:33 GMT,https://www.who.int/ictrp/en/,200,73552,20200515,20200515,ICTRP
20200518 21:03:58 GMT,https://clinicaltrials.gov/ct2/download_studies?cond=COVID-19&lupd_s=05%2F19%2F2020,404,21,20200518,,ClinicalTrials.gov
20200518 21:57:34 GMT,https://www.who.int/ictrp/en/,200,73552,20200515,20200515,ICTRP
20200518 22:03:58 GMT,https://clinicaltrials.gov/ct2/download_studies?cond=COVID-19&lupd_s=05%2F19%2F2020,404,21,20200518,,ClinicalTrials.gov
20200518 22:57:34 GMT,https://www.who.int/ictrp/en/,200,73552,20200515,20200515,ICTRP
20200518 23:03:58 GMT,https://clinicaltrials.gov/ct2/download_studies?cond=COVID-19&lupd_s=05%2F19%2F2020,404,21,20200518,,ClinicalTrials.gov
20200518 23:57:34 GMT,https://www.who.int/ictrp/en/,200,73552,20200515,20200515,ICTRP
20200519 00:03:59 GMT,https://clinicaltrials.gov/ct2/download_studies?cond=COVID-19&lupd_s=05%2F19%2F2020,404,21,20200518,,ClinicalTrials.gov
20200519 00:57:34 GMT,https://www.who.int/ictrp/en/,200,73552,20200515,20200515,ICTRP
20200519 01:03:58 GMT,https://clinicaltrials.gov/ct2/download_studies?cond=COVID-19&lupd_s=05%2F19%2F2020,404,21,20200518,,ClinicalTrials.gov
20200519 01:57:34 GMT,https://www.who.int/ictrp/en/,200,73552,20200515,20200515,ICTRP
20200519 02:03:58 GMT,https://clinicaltrials.gov/ct2/download_studies?cond=COVID-19&lupd_s=05%2F19%2F2020,404,21,20200518,,ClinicalTrials.gov
20200519 02:57:34 GMT,https://www.who.int/ictrp/en/,200,73552,20200515,20200515,ICTRP
20200519 03:03:58 GMT,https://clinicaltrials.gov/ct2/download_studies?cond=COVID-19&lupd_s=05%2F19%2F2020,404,21,20200518,,ClinicalTrials.gov
20200519 03:57:34 GMT,https://www.who.int/ictrp/en/,200,73552,20200515,20200515,ICTRP
20200519 04:03:58 GMT,https://clinicaltrials.gov/ct2/download_studies?cond=COVID-19&lupd_s=05%2F19%2F2020,404,21,20200518,,ClinicalTrials.gov
20200519 04:57:34 GMT,https://www.who.int/ictrp/en/,200,73552,20200515,20200515,ICTRP
20200519 05:03:58 GMT,https://clinicaltrials.gov/ct2/download_studies?cond=COVID-19&lupd_s=05%2F19%2F2020,404,21,20200518,,ClinicalTrials.gov
20200519 05:57:34 GMT,https://www.who.int/ictrp/en/,200,73552,20200515,20200515,ICTRP
20200519 06:03:59 GMT,https://clinicaltrials.gov/ct2/download_studies?cond=COVID-19&lupd_s=05%2F19%2F2020,404,21,20200518,,ClinicalTrials.gov
20200519 06:57:34 GMT,https://www.who.int/ictrp/en/,200,73552,20200515,20200515,ICTRP
20200519 07:03:58 GMT,https://clinicaltrials.gov/ct2/download_studies?cond=COVID-19&lupd_s=05%2F19%2F2020,404,21,20200518,,ClinicalTrials.gov
20200519 07:57:34 GMT,https://www.who.int/ictrp/en/,200,73552,20200515,20200515,ICTRP
20200519 08:03:58 GMT,https://clinicaltrials.gov/ct2/download_studies?cond=COVID-19&lupd_s=05%2F19%2F2020,404,21,20200518,,ClinicalTrials.gov
20200519 08:57:34 GMT,https://www.who.int/ictrp/en/,200,73552,20200515,20200515,ICTRP
20200519 09:03:58 GMT,https://clinicaltrials.gov/ct2/download_studies?cond=COVID-19&lupd_s=05%2F19%2F2020,404,21,20200518,,ClinicalTrials.gov
20200519 09:57:34 GMT,https://www.who.int/ictrp/en/,200,73552,20200515,20200515,ICTRP
20200519 10:03:58 GMT,https://clinicaltrials.gov/ct2/download_studies?cond=COVID-19&lupd_s=05%2F19%2F2020,404,21,20200518,,ClinicalTrials.gov
20200519 10:57:34 GMT,https://www.who.int/ictrp/en/,200,73552,20200515,20200515,ICTRP
20200519 11:03:59 GMT,https://clinicaltrials.gov/ct2/download_studies?cond=COVID-19&lupd_s=05%2F19%2F2020,404,21,20200518,,ClinicalTrials.gov
20200519 11:57:34 GMT,https://www.who.int/ictrp/en/,200,73552,20200515,20200515,ICTRP
20200519 12:03:59 GMT,https://clinicaltrials.gov/ct2/download_studies?cond=COVID-19&lupd_s=05%2F19%2F2020,200,21,20200518,,ClinicalTrials.gov
20200519 12:57:34 GMT,https://www.who.int/ictrp/en/,200,73552,20200515,20200515,ICTRP
20200519 13:03:59 GMT,https://clinicaltrials.gov/ct2/download_studies?cond=COVID-19&lupd_s=05%2F20%2F2020,404,21,20200519,,ClinicalTrials.gov
20200519 13:57:34 GMT,https://www.who.int/ictrp/en/,200,73552,20200515,20200515,ICTRP
20200519 14:03:59 GMT,https://clinicaltrials.gov/ct2/download_studies?cond=COVID-19&lupd_s=05%2F20%2F2020,404,21,20200519,,ClinicalTrials.gov
20200519 14:57:34 GMT,https://www.who.int/ictrp/en/,200,73552,20200515,20200515,ICTRP
20200519 15:03:59 GMT,https://clinicaltrials.gov/ct2/download_studies?cond=COVID-19&lupd_s=05%2F20%2F2020,404,21,20200519,,ClinicalTrials.gov
20200519 15:57:34 GMT,https://www.who.int/ictrp/en/,200,73552,20200515,20200515,ICTRP
20200519 16:03:59 GMT,https://clinicaltrials.gov/ct2/download_studies?cond=COVID-19&lupd_s=05%2F20%2F2020,404,21,20200519,,ClinicalTrials.gov
20200519 16:57:34 GMT,https://www.who.int/ictrp/en/,200,73552,20200515,20200515,ICTRP
20200519 17:03:59 GMT,https://clinicaltrials.gov/ct2/download_studies?cond=COVID-19&lupd_s=05%2F20%2F2020,404,21,20200519,,ClinicalTrials.gov
20200519 17:57:35 GMT,https://www.who.int/ictrp/en/,200,73552,20200515,20200515,ICTRP
20200519 18:03:59 GMT,https://clinicaltrials.gov/ct2/download_studies?cond=COVID-19&lupd_s=05%2F20%2F2020,404,21,20200519,,ClinicalTrials.gov
20200519 18:57:34 GMT,https://www.who.int/ictrp/en/,200,73552,20200515,20200515,ICTRP
20200519 19:03:59 GMT,https://clinicaltrials.gov/ct2/download_studies?cond=COVID-19&lupd_s=05%2F20%2F2020,404,21,20200519,,ClinicalTrials.gov
20200519 19:57:34 GMT,https://www.who.int/ictrp/en/,200,73552,20200515,20200515,ICTRP
20200519 20:03:59 GMT,https://clinicaltrials.gov/ct2/download_studies?cond=COVID-19&lupd_s=05%2F20%2F2020,404,21,20200519,,ClinicalTrials.gov
20200519 20:57:34 GMT,https://www.who.int/ictrp/en/,200,73552,20200515,20200515,ICTRP
20200519 21:03:59 GMT,https://clinicaltrials.gov/ct2/download_studies?cond=COVID-19&lupd_s=05%2F20%2F2020,404,21,20200519,,ClinicalTrials.gov
20200519 21:57:34 GMT,https://www.who.int/ictrp/en/,200,73598,20200515,20200519,ICTRP
20200519 21:57:38 GMT,https://www.who.int/ictrp/COVID19-web.csv,200,9145568,20200515,20200519,ICTRP
20200519 22:03:59 GMT,https://clinicaltrials.gov/ct2/download_studies?cond=COVID-19&lupd_s=05%2F20%2F2020,404,21,20200519,,ClinicalTrials.gov
20200519 22:57:34 GMT,https://www.who.int/ictrp/en/,200,73598,20200519,20200519,ICTRP
20200519 23:03:59 GMT,https://clinicaltrials.gov/ct2/download_studies?cond=COVID-19&lupd_s=05%2F20%2F2020,404,21,20200519,,ClinicalTrials.gov
20200519 23:57:34 GMT,https://www.who.int/ictrp/en/,200,73598,20200519,20200519,ICTRP
20200520 00:03:59 GMT,https://clinicaltrials.gov/ct2/download_studies?cond=COVID-19&lupd_s=05%2F20%2F2020,404,21,20200519,,ClinicalTrials.gov
20200520 00:57:35 GMT,https://www.who.int/ictrp/en/,200,73598,20200519,20200519,ICTRP
20200520 01:03:59 GMT,https://clinicaltrials.gov/ct2/download_studies?cond=COVID-19&lupd_s=05%2F20%2F2020,404,21,20200519,,ClinicalTrials.gov
20200520 01:57:34 GMT,https://www.who.int/ictrp/en/,200,73598,20200519,20200519,ICTRP
20200520 02:03:59 GMT,https://clinicaltrials.gov/ct2/download_studies?cond=COVID-19&lupd_s=05%2F20%2F2020,404,21,20200519,,ClinicalTrials.gov
20200520 02:57:34 GMT,https://www.who.int/ictrp/en/,200,73598,20200519,20200519,ICTRP
20200520 03:03:59 GMT,https://clinicaltrials.gov/ct2/download_studies?cond=COVID-19&lupd_s=05%2F20%2F2020,404,21,20200519,,ClinicalTrials.gov
20200520 03:57:34 GMT,https://www.who.int/ictrp/en/,200,73598,20200519,20200519,ICTRP
20200520 04:03:59 GMT,https://clinicaltrials.gov/ct2/download_studies?cond=COVID-19&lupd_s=05%2F20%2F2020,404,21,20200519,,ClinicalTrials.gov
20200520 04:57:35 GMT,https://www.who.int/ictrp/en/,200,73598,20200519,20200519,ICTRP
20200520 05:03:59 GMT,https://clinicaltrials.gov/ct2/download_studies?cond=COVID-19&lupd_s=05%2F20%2F2020,404,21,20200519,,ClinicalTrials.gov
20200520 05:57:35 GMT,https://www.who.int/ictrp/en/,200,73598,20200519,20200519,ICTRP
20200520 06:03:59 GMT,https://clinicaltrials.gov/ct2/download_studies?cond=COVID-19&lupd_s=05%2F20%2F2020,404,21,20200519,,ClinicalTrials.gov
20200520 06:57:35 GMT,https://www.who.int/ictrp/en/,200,73598,20200519,20200519,ICTRP
20200520 07:04:00 GMT,https://clinicaltrials.gov/ct2/download_studies?cond=COVID-19&lupd_s=05%2F20%2F2020,404,21,20200519,,ClinicalTrials.gov
20200520 07:57:35 GMT,https://www.who.int/ictrp/en/,200,73598,20200519,20200519,ICTRP
20200520 08:03:59 GMT,https://clinicaltrials.gov/ct2/download_studies?cond=COVID-19&lupd_s=05%2F20%2F2020,404,21,20200519,,ClinicalTrials.gov
20200520 08:57:35 GMT,https://www.who.int/ictrp/en/,200,73598,20200519,20200519,ICTRP
20200520 09:03:59 GMT,https://clinicaltrials.gov/ct2/download_studies?cond=COVID-19&lupd_s=05%2F20%2F2020,404,21,20200519,,ClinicalTrials.gov
20200520 09:57:35 GMT,https://www.who.int/ictrp/en/,200,73598,20200519,20200519,ICTRP
20200520 10:03:59 GMT,https://clinicaltrials.gov/ct2/download_studies?cond=COVID-19&lupd_s=05%2F20%2F2020,404,21,20200519,,ClinicalTrials.gov
20200520 10:57:36 GMT,https://www.who.int/ictrp/en/,200,73598,20200519,20200519,ICTRP
20200520 11:03:59 GMT,https://clinicaltrials.gov/ct2/download_studies?cond=COVID-19&lupd_s=05%2F20%2F2020,404,21,20200519,,ClinicalTrials.gov
20200520 11:57:35 GMT,https://www.who.int/ictrp/en/,200,73598,20200519,20200519,ICTRP
20200520 12:03:59 GMT,https://clinicaltrials.gov/ct2/download_studies?cond=COVID-19&lupd_s=05%2F20%2F2020,404,21,20200519,,ClinicalTrials.gov
20200520 12:57:35 GMT,https://www.who.int/ictrp/en/,200,73598,20200519,20200519,ICTRP
20200520 13:03:59 GMT,https://clinicaltrials.gov/ct2/download_studies?cond=COVID-19&lupd_s=05%2F20%2F2020,200,21,20200519,,ClinicalTrials.gov
20200520 13:57:35 GMT,https://www.who.int/ictrp/en/,200,73598,20200519,20200519,ICTRP
20200520 14:04:00 GMT,https://clinicaltrials.gov/ct2/download_studies?cond=COVID-19&lupd_s=05%2F21%2F2020,404,21,20200520,,ClinicalTrials.gov
20200520 14:57:35 GMT,https://www.who.int/ictrp/en/,200,73598,20200519,20200519,ICTRP
20200520 15:03:59 GMT,https://clinicaltrials.gov/ct2/download_studies?cond=COVID-19&lupd_s=05%2F21%2F2020,404,21,20200520,,ClinicalTrials.gov
20200520 15:57:35 GMT,https://www.who.int/ictrp/en/,200,73598,20200519,20200519,ICTRP
20200520 16:03:59 GMT,https://clinicaltrials.gov/ct2/download_studies?cond=COVID-19&lupd_s=05%2F21%2F2020,404,21,20200520,,ClinicalTrials.gov
20200520 16:57:35 GMT,https://www.who.int/ictrp/en/,200,73598,20200519,20200519,ICTRP
20200520 17:03:59 GMT,https://clinicaltrials.gov/ct2/download_studies?cond=COVID-19&lupd_s=05%2F21%2F2020,404,21,20200520,,ClinicalTrials.gov
20200520 17:57:35 GMT,https://www.who.int/ictrp/en/,200,73598,20200519,20200519,ICTRP
20200520 18:03:59 GMT,https://clinicaltrials.gov/ct2/download_studies?cond=COVID-19&lupd_s=05%2F21%2F2020,404,21,20200520,,ClinicalTrials.gov
20200520 18:57:35 GMT,https://www.who.int/ictrp/en/,200,73598,20200519,20200519,ICTRP
20200520 19:03:59 GMT,https://clinicaltrials.gov/ct2/download_studies?cond=COVID-19&lupd_s=05%2F21%2F2020,404,21,20200520,,ClinicalTrials.gov
20200520 19:57:35 GMT,https://www.who.int/ictrp/en/,200,73598,20200519,20200519,ICTRP
20200520 20:04:00 GMT,https://clinicaltrials.gov/ct2/download_studies?cond=COVID-19&lupd_s=05%2F21%2F2020,404,21,20200520,,ClinicalTrials.gov
20200520 20:57:35 GMT,https://www.who.int/ictrp/en/,200,73598,20200519,20200519,ICTRP
20200520 21:03:59 GMT,https://clinicaltrials.gov/ct2/download_studies?cond=COVID-19&lupd_s=05%2F21%2F2020,404,21,20200520,,ClinicalTrials.gov
20200520 21:57:35 GMT,https://www.who.int/ictrp/en/,200,73598,20200519,20200519,ICTRP
20200522 05:57:36 GMT,https://www.who.int/ictrp/en/,200,73598,20200519,20200519,ICTRP
20200520 22:03:59 GMT,https://clinicaltrials.gov/ct2/download_studies?cond=COVID-19&lupd_s=05%2F21%2F2020,404,21,20200520,,ClinicalTrials.gov
20200520 22:57:35 GMT,https://www.who.int/ictrp/en/,200,73598,20200519,20200519,ICTRP
20200520 23:03:59 GMT,https://clinicaltrials.gov/ct2/download_studies?cond=COVID-19&lupd_s=05%2F21%2F2020,404,21,20200520,,ClinicalTrials.gov
20200520 23:57:35 GMT,https://www.who.int/ictrp/en/,200,73598,20200519,20200519,ICTRP
20200521 00:03:59 GMT,https://clinicaltrials.gov/ct2/download_studies?cond=COVID-19&lupd_s=05%2F21%2F2020,404,21,20200520,,ClinicalTrials.gov
20200521 00:57:35 GMT,https://www.who.int/ictrp/en/,200,73598,20200519,20200519,ICTRP
20200521 01:03:59 GMT,https://clinicaltrials.gov/ct2/download_studies?cond=COVID-19&lupd_s=05%2F21%2F2020,404,21,20200520,,ClinicalTrials.gov
20200521 01:57:36 GMT,https://www.who.int/ictrp/en/,200,73598,20200519,20200519,ICTRP
20200521 02:04:00 GMT,https://clinicaltrials.gov/ct2/download_studies?cond=COVID-19&lupd_s=05%2F21%2F2020,404,21,20200520,,ClinicalTrials.gov
20200521 02:57:35 GMT,https://www.who.int/ictrp/en/,200,73598,20200519,20200519,ICTRP
20200521 03:03:59 GMT,https://clinicaltrials.gov/ct2/download_studies?cond=COVID-19&lupd_s=05%2F21%2F2020,404,21,20200520,,ClinicalTrials.gov
20200521 03:57:35 GMT,https://www.who.int/ictrp/en/,200,73598,20200519,20200519,ICTRP
20200521 04:03:59 GMT,https://clinicaltrials.gov/ct2/download_studies?cond=COVID-19&lupd_s=05%2F21%2F2020,404,21,20200520,,ClinicalTrials.gov
20200521 04:57:36 GMT,https://www.who.int/ictrp/en/,200,73598,20200519,20200519,ICTRP
20200521 05:03:59 GMT,https://clinicaltrials.gov/ct2/download_studies?cond=COVID-19&lupd_s=05%2F21%2F2020,404,21,20200520,,ClinicalTrials.gov
20200521 05:57:36 GMT,https://www.who.int/ictrp/en/,200,73598,20200519,20200519,ICTRP
20200521 06:03:59 GMT,https://clinicaltrials.gov/ct2/download_studies?cond=COVID-19&lupd_s=05%2F21%2F2020,404,21,20200520,,ClinicalTrials.gov
20200521 06:57:36 GMT,https://www.who.int/ictrp/en/,200,73598,20200519,20200519,ICTRP
20200521 07:03:59 GMT,https://clinicaltrials.gov/ct2/download_studies?cond=COVID-19&lupd_s=05%2F21%2F2020,404,21,20200520,,ClinicalTrials.gov
20200521 07:57:36 GMT,https://www.who.int/ictrp/en/,200,73598,20200519,20200519,ICTRP
20200521 08:04:03 GMT,https://clinicaltrials.gov/ct2/download_studies?cond=COVID-19&lupd_s=05%2F21%2F2020,404,21,20200520,,ClinicalTrials.gov
20200521 08:57:35 GMT,https://www.who.int/ictrp/en/,200,73598,20200519,20200519,ICTRP
20200521 09:03:59 GMT,https://clinicaltrials.gov/ct2/download_studies?cond=COVID-19&lupd_s=05%2F21%2F2020,404,21,20200520,,ClinicalTrials.gov
20200521 09:57:36 GMT,https://www.who.int/ictrp/en/,200,73598,20200519,20200519,ICTRP
20200521 10:03:59 GMT,https://clinicaltrials.gov/ct2/download_studies?cond=COVID-19&lupd_s=05%2F21%2F2020,404,21,20200520,,ClinicalTrials.gov
20200521 10:57:35 GMT,https://www.who.int/ictrp/en/,200,73598,20200519,20200519,ICTRP
20200521 11:03:59 GMT,https://clinicaltrials.gov/ct2/download_studies?cond=COVID-19&lupd_s=05%2F21%2F2020,404,21,20200520,,ClinicalTrials.gov
20200521 11:57:36 GMT,https://www.who.int/ictrp/en/,200,73598,20200519,20200519,ICTRP
20200521 12:03:59 GMT,https://clinicaltrials.gov/ct2/download_studies?cond=COVID-19&lupd_s=05%2F21%2F2020,404,21,20200520,,ClinicalTrials.gov
20200521 12:57:36 GMT,https://www.who.int/ictrp/en/,200,73598,20200519,20200519,ICTRP
20200521 13:03:59 GMT,https://clinicaltrials.gov/ct2/download_studies?cond=COVID-19&lupd_s=05%2F21%2F2020,404,21,20200520,,ClinicalTrials.gov
20200521 13:57:35 GMT,https://www.who.int/ictrp/en/,200,73598,20200519,20200519,ICTRP
20200521 14:04:00 GMT,https://clinicaltrials.gov/ct2/download_studies?cond=COVID-19&lupd_s=05%2F21%2F2020,404,21,20200520,,ClinicalTrials.gov
20200521 14:57:36 GMT,https://www.who.int/ictrp/en/,200,73598,20200519,20200519,ICTRP
20200521 15:03:59 GMT,https://clinicaltrials.gov/ct2/download_studies?cond=COVID-19&lupd_s=05%2F21%2F2020,404,21,20200520,,ClinicalTrials.gov
20200521 15:57:37 GMT,https://www.who.int/ictrp/en/,200,73598,20200519,20200519,ICTRP
20200521 16:03:59 GMT,https://clinicaltrials.gov/ct2/download_studies?cond=COVID-19&lupd_s=05%2F21%2F2020,404,21,20200520,,ClinicalTrials.gov
20200521 16:57:36 GMT,https://www.who.int/ictrp/en/,200,73598,20200519,20200519,ICTRP
20200521 17:03:59 GMT,https://clinicaltrials.gov/ct2/download_studies?cond=COVID-19&lupd_s=05%2F21%2F2020,404,21,20200520,,ClinicalTrials.gov
20200521 17:57:36 GMT,https://www.who.int/ictrp/en/,200,73598,20200519,20200519,ICTRP
20200521 18:03:59 GMT,https://clinicaltrials.gov/ct2/download_studies?cond=COVID-19&lupd_s=05%2F21%2F2020,404,21,20200520,,ClinicalTrials.gov
20200521 18:57:36 GMT,https://www.who.int/ictrp/en/,200,73598,20200519,20200519,ICTRP
20200521 19:03:59 GMT,https://clinicaltrials.gov/ct2/download_studies?cond=COVID-19&lupd_s=05%2F21%2F2020,404,21,20200520,,ClinicalTrials.gov
20200521 19:57:36 GMT,https://www.who.int/ictrp/en/,200,73598,20200519,20200519,ICTRP
20200521 20:03:59 GMT,https://clinicaltrials.gov/ct2/download_studies?cond=COVID-19&lupd_s=05%2F21%2F2020,404,21,20200520,,ClinicalTrials.gov
20200521 20:57:36 GMT,https://www.who.int/ictrp/en/,200,73598,20200519,20200519,ICTRP
20200521 21:04:00 GMT,https://clinicaltrials.gov/ct2/download_studies?cond=COVID-19&lupd_s=05%2F21%2F2020,200,21,20200520,,ClinicalTrials.gov
20200521 21:57:36 GMT,https://www.who.int/ictrp/en/,200,73598,20200519,20200519,ICTRP
20200521 22:04:01 GMT,https://clinicaltrials.gov/ct2/download_studies?cond=COVID-19&lupd_s=05%2F23%2F2020,404,21,20200522,,ClinicalTrials.gov
20200521 22:57:36 GMT,https://www.who.int/ictrp/en/,200,73598,20200519,20200519,ICTRP
20200521 23:03:59 GMT,https://clinicaltrials.gov/ct2/download_studies?cond=COVID-19&lupd_s=05%2F23%2F2020,404,21,20200522,,ClinicalTrials.gov
20200521 23:57:36 GMT,https://www.who.int/ictrp/en/,200,73598,20200519,20200519,ICTRP
20200522 00:03:59 GMT,https://clinicaltrials.gov/ct2/download_studies?cond=COVID-19&lupd_s=05%2F23%2F2020,404,21,20200522,,ClinicalTrials.gov
20200522 00:57:36 GMT,https://www.who.int/ictrp/en/,200,73598,20200519,20200519,ICTRP
20200522 01:03:59 GMT,https://clinicaltrials.gov/ct2/download_studies?cond=COVID-19&lupd_s=05%2F23%2F2020,404,21,20200522,,ClinicalTrials.gov
20200522 01:57:36 GMT,https://www.who.int/ictrp/en/,200,73598,20200519,20200519,ICTRP
20200522 02:03:59 GMT,https://clinicaltrials.gov/ct2/download_studies?cond=COVID-19&lupd_s=05%2F23%2F2020,404,21,20200522,,ClinicalTrials.gov
20200522 02:57:36 GMT,https://www.who.int/ictrp/en/,200,73598,20200519,20200519,ICTRP
20200522 03:03:59 GMT,https://clinicaltrials.gov/ct2/download_studies?cond=COVID-19&lupd_s=05%2F23%2F2020,404,21,20200522,,ClinicalTrials.gov
20200522 03:57:36 GMT,https://www.who.int/ictrp/en/,200,73598,20200519,20200519,ICTRP
20200522 04:04:00 GMT,https://clinicaltrials.gov/ct2/download_studies?cond=COVID-19&lupd_s=05%2F23%2F2020,404,21,20200522,,ClinicalTrials.gov
20200522 04:57:36 GMT,https://www.who.int/ictrp/en/,200,73598,20200519,20200519,ICTRP
20200522 05:03:59 GMT,https://clinicaltrials.gov/ct2/download_studies?cond=COVID-19&lupd_s=05%2F23%2F2020,404,21,20200522,,ClinicalTrials.gov
20200522 06:03:59 GMT,https://clinicaltrials.gov/ct2/download_studies?cond=COVID-19&lupd_s=05%2F23%2F2020,404,21,20200522,,ClinicalTrials.gov
20200522 06:57:36 GMT,https://www.who.int/ictrp/en/,200,73598,20200519,20200519,ICTRP
20200522 07:04:00 GMT,https://clinicaltrials.gov/ct2/download_studies?cond=COVID-19&lupd_s=05%2F23%2F2020,404,21,20200522,,ClinicalTrials.gov
20200522 07:57:36 GMT,https://www.who.int/ictrp/en/,200,73598,20200519,20200522,ICTRP
20200522 07:57:40 GMT,https://www.who.int/ictrp/COVID19-web.csv,200,9351183,20200519,20200522,ICTRP
20200522 08:04:00 GMT,https://clinicaltrials.gov/ct2/download_studies?cond=COVID-19&lupd_s=05%2F23%2F2020,404,21,20200522,,ClinicalTrials.gov
20200522 08:57:36 GMT,https://www.who.int/ictrp/en/,200,73598,20200522,20200522,ICTRP
20200522 09:04:00 GMT,https://clinicaltrials.gov/ct2/download_studies?cond=COVID-19&lupd_s=05%2F23%2F2020,404,21,20200522,,ClinicalTrials.gov
20200522 09:57:36 GMT,https://www.who.int/ictrp/en/,200,73598,20200522,20200522,ICTRP
20200522 10:04:00 GMT,https://clinicaltrials.gov/ct2/download_studies?cond=COVID-19&lupd_s=05%2F23%2F2020,404,21,20200522,,ClinicalTrials.gov
20200522 10:57:36 GMT,https://www.who.int/ictrp/en/,200,73598,20200522,20200522,ICTRP
20200522 11:04:00 GMT,https://clinicaltrials.gov/ct2/download_studies?cond=COVID-19&lupd_s=05%2F23%2F2020,404,21,20200522,,ClinicalTrials.gov
20200522 11:57:36 GMT,https://www.who.int/ictrp/en/,200,73598,20200522,20200522,ICTRP
20200522 12:04:00 GMT,https://clinicaltrials.gov/ct2/download_studies?cond=COVID-19&lupd_s=05%2F23%2F2020,404,21,20200522,,ClinicalTrials.gov
20200522 12:57:36 GMT,https://www.who.int/ictrp/en/,200,73598,20200522,20200522,ICTRP
20200522 13:04:00 GMT,https://clinicaltrials.gov/ct2/download_studies?cond=COVID-19&lupd_s=05%2F23%2F2020,404,21,20200522,,ClinicalTrials.gov
20200522 13:57:37 GMT,https://www.who.int/ictrp/en/,200,73598,20200522,20200522,ICTRP
20200522 14:04:00 GMT,https://clinicaltrials.gov/ct2/download_studies?cond=COVID-19&lupd_s=05%2F23%2F2020,404,21,20200522,,ClinicalTrials.gov
20200522 14:57:36 GMT,https://www.who.int/ictrp/en/,200,73598,20200522,20200522,ICTRP
20200522 15:04:00 GMT,https://clinicaltrials.gov/ct2/download_studies?cond=COVID-19&lupd_s=05%2F23%2F2020,404,21,20200522,,ClinicalTrials.gov
20200522 15:57:36 GMT,https://www.who.int/ictrp/en/,200,73598,20200522,20200522,ICTRP
20200522 16:04:00 GMT,https://clinicaltrials.gov/ct2/download_studies?cond=COVID-19&lupd_s=05%2F23%2F2020,404,21,20200522,,ClinicalTrials.gov
20200522 16:57:37 GMT,https://www.who.int/ictrp/en/,200,73598,20200522,20200522,ICTRP
20200522 17:04:00 GMT,https://clinicaltrials.gov/ct2/download_studies?cond=COVID-19&lupd_s=05%2F23%2F2020,404,21,20200522,,ClinicalTrials.gov
20200522 17:57:36 GMT,https://www.who.int/ictrp/en/,200,73598,20200522,20200522,ICTRP
20200522 18:04:00 GMT,https://clinicaltrials.gov/ct2/download_studies?cond=COVID-19&lupd_s=05%2F23%2F2020,404,21,20200522,,ClinicalTrials.gov
20200522 18:57:36 GMT,https://www.who.int/ictrp/en/,200,73598,20200522,20200522,ICTRP
20200522 19:04:00 GMT,https://clinicaltrials.gov/ct2/download_studies?cond=COVID-19&lupd_s=05%2F23%2F2020,404,21,20200522,,ClinicalTrials.gov
20200522 19:57:36 GMT,https://www.who.int/ictrp/en/,200,73598,20200522,20200522,ICTRP
20200522 20:04:00 GMT,https://clinicaltrials.gov/ct2/download_studies?cond=COVID-19&lupd_s=05%2F23%2F2020,404,21,20200522,,ClinicalTrials.gov
20200522 20:57:37 GMT,https://www.who.int/ictrp/en/,200,73598,20200522,20200522,ICTRP
20200522 21:04:00 GMT,https://clinicaltrials.gov/ct2/download_studies?cond=COVID-19&lupd_s=05%2F23%2F2020,404,21,20200522,,ClinicalTrials.gov
20200522 21:57:36 GMT,https://www.who.int/ictrp/en/,200,73598,20200522,20200522,ICTRP
20200522 22:04:00 GMT,https://clinicaltrials.gov/ct2/download_studies?cond=COVID-19&lupd_s=05%2F23%2F2020,404,21,20200522,,ClinicalTrials.gov
20200522 22:57:36 GMT,https://www.who.int/ictrp/en/,200,73598,20200522,20200522,ICTRP
20200522 23:04:00 GMT,https://clinicaltrials.gov/ct2/download_studies?cond=COVID-19&lupd_s=05%2F23%2F2020,404,21,20200522,,ClinicalTrials.gov
20200522 23:57:37 GMT,https://www.who.int/ictrp/en/,200,73598,20200522,20200522,ICTRP
20200523 00:04:00 GMT,https://clinicaltrials.gov/ct2/download_studies?cond=COVID-19&lupd_s=05%2F23%2F2020,404,21,20200522,,ClinicalTrials.gov
20200523 00:57:37 GMT,https://www.who.int/ictrp/en/,200,73598,20200522,20200522,ICTRP
20200523 01:04:00 GMT,https://clinicaltrials.gov/ct2/download_studies?cond=COVID-19&lupd_s=05%2F23%2F2020,404,21,20200522,,ClinicalTrials.gov
20200523 01:57:37 GMT,https://www.who.int/ictrp/en/,200,73598,20200522,20200522,ICTRP
20200523 02:04:00 GMT,https://clinicaltrials.gov/ct2/download_studies?cond=COVID-19&lupd_s=05%2F23%2F2020,404,21,20200522,,ClinicalTrials.gov
20200523 02:57:37 GMT,https://www.who.int/ictrp/en/,200,73598,20200522,20200522,ICTRP
20200523 03:04:00 GMT,https://clinicaltrials.gov/ct2/download_studies?cond=COVID-19&lupd_s=05%2F23%2F2020,404,21,20200522,,ClinicalTrials.gov
20200523 03:57:36 GMT,https://www.who.int/ictrp/en/,200,73598,20200522,20200522,ICTRP
20200523 04:04:00 GMT,https://clinicaltrials.gov/ct2/download_studies?cond=COVID-19&lupd_s=05%2F23%2F2020,200,21,20200522,,ClinicalTrials.gov
20200523 04:57:37 GMT,https://www.who.int/ictrp/en/,200,73598,20200522,20200522,ICTRP
20200523 05:04:00 GMT,https://clinicaltrials.gov/ct2/download_studies?cond=COVID-19&lupd_s=05%2F26%2F2020,404,21,20200525,,ClinicalTrials.gov
20200523 05:57:37 GMT,https://www.who.int/ictrp/en/,200,73598,20200522,20200522,ICTRP
20200523 06:04:00 GMT,https://clinicaltrials.gov/ct2/download_studies?cond=COVID-19&lupd_s=05%2F26%2F2020,404,21,20200525,,ClinicalTrials.gov
20200523 06:57:37 GMT,https://www.who.int/ictrp/en/,200,73598,20200522,20200522,ICTRP
20200523 07:04:00 GMT,https://clinicaltrials.gov/ct2/download_studies?cond=COVID-19&lupd_s=05%2F26%2F2020,404,21,20200525,,ClinicalTrials.gov
20200523 07:57:37 GMT,https://www.who.int/ictrp/en/,200,73598,20200522,20200522,ICTRP
20200523 08:04:00 GMT,https://clinicaltrials.gov/ct2/download_studies?cond=COVID-19&lupd_s=05%2F26%2F2020,404,21,20200525,,ClinicalTrials.gov
20200523 08:57:37 GMT,https://www.who.int/ictrp/en/,200,73598,20200522,20200522,ICTRP
20200523 09:04:00 GMT,https://clinicaltrials.gov/ct2/download_studies?cond=COVID-19&lupd_s=05%2F26%2F2020,404,21,20200525,,ClinicalTrials.gov
20200523 09:57:37 GMT,https://www.who.int/ictrp/en/,200,73598,20200522,20200522,ICTRP
20200523 10:04:00 GMT,https://clinicaltrials.gov/ct2/download_studies?cond=COVID-19&lupd_s=05%2F26%2F2020,404,21,20200525,,ClinicalTrials.gov
20200523 10:57:37 GMT,https://www.who.int/ictrp/en/,200,73598,20200522,20200522,ICTRP
20200523 11:04:01 GMT,https://clinicaltrials.gov/ct2/download_studies?cond=COVID-19&lupd_s=05%2F26%2F2020,404,21,20200525,,ClinicalTrials.gov
20200523 11:57:37 GMT,https://www.who.int/ictrp/en/,200,73598,20200522,20200522,ICTRP
20200523 12:04:00 GMT,https://clinicaltrials.gov/ct2/download_studies?cond=COVID-19&lupd_s=05%2F26%2F2020,404,21,20200525,,ClinicalTrials.gov
20200523 12:57:37 GMT,https://www.who.int/ictrp/en/,200,73598,20200522,20200522,ICTRP
20200524 20:57:38 GMT,https://www.who.int/ictrp/en/,200,73598,20200522,20200522,ICTRP
20200523 13:04:00 GMT,https://clinicaltrials.gov/ct2/download_studies?cond=COVID-19&lupd_s=05%2F26%2F2020,404,21,20200525,,ClinicalTrials.gov
20200523 13:57:37 GMT,https://www.who.int/ictrp/en/,200,73598,20200522,20200522,ICTRP
20200523 14:04:00 GMT,https://clinicaltrials.gov/ct2/download_studies?cond=COVID-19&lupd_s=05%2F26%2F2020,404,21,20200525,,ClinicalTrials.gov
20200523 14:57:37 GMT,https://www.who.int/ictrp/en/,200,73598,20200522,20200522,ICTRP
20200523 15:04:00 GMT,https://clinicaltrials.gov/ct2/download_studies?cond=COVID-19&lupd_s=05%2F26%2F2020,404,21,20200525,,ClinicalTrials.gov
20200523 15:57:37 GMT,https://www.who.int/ictrp/en/,200,73598,20200522,20200522,ICTRP
20200523 16:04:00 GMT,https://clinicaltrials.gov/ct2/download_studies?cond=COVID-19&lupd_s=05%2F26%2F2020,404,21,20200525,,ClinicalTrials.gov
20200523 16:57:37 GMT,https://www.who.int/ictrp/en/,200,73598,20200522,20200522,ICTRP
20200523 17:04:00 GMT,https://clinicaltrials.gov/ct2/download_studies?cond=COVID-19&lupd_s=05%2F26%2F2020,404,21,20200525,,ClinicalTrials.gov
20200523 17:57:37 GMT,https://www.who.int/ictrp/en/,200,73598,20200522,20200522,ICTRP
20200523 18:04:01 GMT,https://clinicaltrials.gov/ct2/download_studies?cond=COVID-19&lupd_s=05%2F26%2F2020,404,21,20200525,,ClinicalTrials.gov
20200523 18:57:37 GMT,https://www.who.int/ictrp/en/,200,73598,20200522,20200522,ICTRP
20200523 19:04:00 GMT,https://clinicaltrials.gov/ct2/download_studies?cond=COVID-19&lupd_s=05%2F26%2F2020,404,21,20200525,,ClinicalTrials.gov
20200523 19:57:37 GMT,https://www.who.int/ictrp/en/,200,73598,20200522,20200522,ICTRP
20200523 20:04:00 GMT,https://clinicaltrials.gov/ct2/download_studies?cond=COVID-19&lupd_s=05%2F26%2F2020,404,21,20200525,,ClinicalTrials.gov
20200523 20:57:37 GMT,https://www.who.int/ictrp/en/,200,73598,20200522,20200522,ICTRP
20200523 21:04:00 GMT,https://clinicaltrials.gov/ct2/download_studies?cond=COVID-19&lupd_s=05%2F26%2F2020,404,21,20200525,,ClinicalTrials.gov
20200523 21:57:37 GMT,https://www.who.int/ictrp/en/,200,73598,20200522,20200522,ICTRP
20200523 22:04:00 GMT,https://clinicaltrials.gov/ct2/download_studies?cond=COVID-19&lupd_s=05%2F26%2F2020,404,21,20200525,,ClinicalTrials.gov
20200523 22:57:37 GMT,https://www.who.int/ictrp/en/,200,73598,20200522,20200522,ICTRP
20200523 23:04:00 GMT,https://clinicaltrials.gov/ct2/download_studies?cond=COVID-19&lupd_s=05%2F26%2F2020,404,21,20200525,,ClinicalTrials.gov
20200523 23:57:37 GMT,https://www.who.int/ictrp/en/,200,73598,20200522,20200522,ICTRP
20200524 00:04:01 GMT,https://clinicaltrials.gov/ct2/download_studies?cond=COVID-19&lupd_s=05%2F26%2F2020,404,21,20200525,,ClinicalTrials.gov
20200524 00:57:38 GMT,https://www.who.int/ictrp/en/,200,73598,20200522,20200522,ICTRP
20200524 01:04:00 GMT,https://clinicaltrials.gov/ct2/download_studies?cond=COVID-19&lupd_s=05%2F26%2F2020,404,21,20200525,,ClinicalTrials.gov
20200524 01:57:38 GMT,https://www.who.int/ictrp/en/,200,73598,20200522,20200522,ICTRP
20200524 02:04:00 GMT,https://clinicaltrials.gov/ct2/download_studies?cond=COVID-19&lupd_s=05%2F26%2F2020,404,21,20200525,,ClinicalTrials.gov
20200524 02:57:38 GMT,https://www.who.int/ictrp/en/,200,73598,20200522,20200522,ICTRP
20200524 03:04:00 GMT,https://clinicaltrials.gov/ct2/download_studies?cond=COVID-19&lupd_s=05%2F26%2F2020,404,21,20200525,,ClinicalTrials.gov
20200524 03:57:37 GMT,https://www.who.int/ictrp/en/,200,73598,20200522,20200522,ICTRP
20200524 04:04:00 GMT,https://clinicaltrials.gov/ct2/download_studies?cond=COVID-19&lupd_s=05%2F26%2F2020,404,21,20200525,,ClinicalTrials.gov
20200524 04:57:37 GMT,https://www.who.int/ictrp/en/,200,73598,20200522,20200522,ICTRP
20200524 05:04:00 GMT,https://clinicaltrials.gov/ct2/download_studies?cond=COVID-19&lupd_s=05%2F26%2F2020,404,21,20200525,,ClinicalTrials.gov
20200524 05:57:38 GMT,https://www.who.int/ictrp/en/,200,73598,20200522,20200522,ICTRP
20200524 06:04:01 GMT,https://clinicaltrials.gov/ct2/download_studies?cond=COVID-19&lupd_s=05%2F26%2F2020,404,21,20200525,,ClinicalTrials.gov
20200524 06:57:38 GMT,https://www.who.int/ictrp/en/,200,73598,20200522,20200522,ICTRP
20200524 07:04:00 GMT,https://clinicaltrials.gov/ct2/download_studies?cond=COVID-19&lupd_s=05%2F26%2F2020,404,21,20200525,,ClinicalTrials.gov
20200524 07:57:38 GMT,https://www.who.int/ictrp/en/,200,73598,20200522,20200522,ICTRP
20200524 08:04:00 GMT,https://clinicaltrials.gov/ct2/download_studies?cond=COVID-19&lupd_s=05%2F26%2F2020,404,21,20200525,,ClinicalTrials.gov
20200524 08:57:38 GMT,https://www.who.int/ictrp/en/,200,73598,20200522,20200522,ICTRP
20200524 09:04:00 GMT,https://clinicaltrials.gov/ct2/download_studies?cond=COVID-19&lupd_s=05%2F26%2F2020,404,21,20200525,,ClinicalTrials.gov
20200524 09:57:38 GMT,https://www.who.int/ictrp/en/,200,73598,20200522,20200522,ICTRP
20200524 10:04:00 GMT,https://clinicaltrials.gov/ct2/download_studies?cond=COVID-19&lupd_s=05%2F26%2F2020,404,21,20200525,,ClinicalTrials.gov
20200524 10:57:37 GMT,https://www.who.int/ictrp/en/,200,73598,20200522,20200522,ICTRP
20200524 11:04:00 GMT,https://clinicaltrials.gov/ct2/download_studies?cond=COVID-19&lupd_s=05%2F26%2F2020,404,21,20200525,,ClinicalTrials.gov
20200524 11:57:38 GMT,https://www.who.int/ictrp/en/,200,73598,20200522,20200522,ICTRP
20200524 12:04:00 GMT,https://clinicaltrials.gov/ct2/download_studies?cond=COVID-19&lupd_s=05%2F26%2F2020,404,21,20200525,,ClinicalTrials.gov
20200524 12:57:38 GMT,https://www.who.int/ictrp/en/,200,73598,20200522,20200522,ICTRP
20200524 13:04:01 GMT,https://clinicaltrials.gov/ct2/download_studies?cond=COVID-19&lupd_s=05%2F26%2F2020,404,21,20200525,,ClinicalTrials.gov
20200524 13:57:37 GMT,https://www.who.int/ictrp/en/,200,73598,20200522,20200522,ICTRP
20200524 14:04:00 GMT,https://clinicaltrials.gov/ct2/download_studies?cond=COVID-19&lupd_s=05%2F26%2F2020,404,21,20200525,,ClinicalTrials.gov
20200524 14:57:38 GMT,https://www.who.int/ictrp/en/,200,73598,20200522,20200522,ICTRP
20200524 15:04:00 GMT,https://clinicaltrials.gov/ct2/download_studies?cond=COVID-19&lupd_s=05%2F26%2F2020,404,21,20200525,,ClinicalTrials.gov
20200524 15:57:39 GMT,https://www.who.int/ictrp/en/,200,73598,20200522,20200522,ICTRP
20200524 16:04:00 GMT,https://clinicaltrials.gov/ct2/download_studies?cond=COVID-19&lupd_s=05%2F26%2F2020,404,21,20200525,,ClinicalTrials.gov
20200524 16:57:38 GMT,https://www.who.int/ictrp/en/,200,73598,20200522,20200522,ICTRP
20200524 17:04:00 GMT,https://clinicaltrials.gov/ct2/download_studies?cond=COVID-19&lupd_s=05%2F26%2F2020,404,21,20200525,,ClinicalTrials.gov
20200524 17:57:38 GMT,https://www.who.int/ictrp/en/,200,73598,20200522,20200522,ICTRP
20200524 18:04:00 GMT,https://clinicaltrials.gov/ct2/download_studies?cond=COVID-19&lupd_s=05%2F26%2F2020,404,21,20200525,,ClinicalTrials.gov
20200524 18:57:38 GMT,https://www.who.int/ictrp/en/,200,73598,20200522,20200522,ICTRP
20200524 19:04:00 GMT,https://clinicaltrials.gov/ct2/download_studies?cond=COVID-19&lupd_s=05%2F26%2F2020,404,21,20200525,,ClinicalTrials.gov
20200524 19:57:38 GMT,https://www.who.int/ictrp/en/,200,73598,20200522,20200522,ICTRP
20200524 20:04:01 GMT,https://clinicaltrials.gov/ct2/download_studies?cond=COVID-19&lupd_s=05%2F26%2F2020,404,21,20200525,,ClinicalTrials.gov
20200524 21:04:00 GMT,https://clinicaltrials.gov/ct2/download_studies?cond=COVID-19&lupd_s=05%2F26%2F2020,404,21,20200525,,ClinicalTrials.gov
20200524 21:13:26 GMT,https://clinicaltrials.gov/ct2/download_studies?cond=COVID-19&lupd_s=05%2F26%2F2020,404,21,20200525,,ClinicalTrials.gov
20200524 21:13:26 GMT,https://www.who.int/ictrp/en/,200,73598,20200522,20200522,ICTRP
20200524 22:13:25 GMT,https://clinicaltrials.gov/ct2/download_studies?cond=COVID-19&lupd_s=05%2F26%2F2020,404,21,20200525,,ClinicalTrials.gov
20200524 22:13:26 GMT,https://www.who.int/ictrp/en/,200,73598,20200522,20200522,ICTRP
20200524 23:13:25 GMT,https://clinicaltrials.gov/ct2/download_studies?cond=COVID-19&lupd_s=05%2F26%2F2020,404,21,20200525,,ClinicalTrials.gov
20200524 23:13:26 GMT,https://www.who.int/ictrp/en/,200,73598,20200522,20200522,ICTRP
20200525 00:13:25 GMT,https://clinicaltrials.gov/ct2/download_studies?cond=COVID-19&lupd_s=05%2F26%2F2020,404,21,20200525,,ClinicalTrials.gov
20200525 00:13:26 GMT,https://www.who.int/ictrp/en/,200,73598,20200522,20200522,ICTRP
20200525 01:13:25 GMT,https://clinicaltrials.gov/ct2/download_studies?cond=COVID-19&lupd_s=05%2F26%2F2020,404,21,20200525,,ClinicalTrials.gov
20200525 01:13:26 GMT,https://www.who.int/ictrp/en/,200,73598,20200522,20200522,ICTRP
20200525 02:13:25 GMT,https://clinicaltrials.gov/ct2/download_studies?cond=COVID-19&lupd_s=05%2F26%2F2020,404,21,20200525,,ClinicalTrials.gov
20200525 02:13:26 GMT,https://www.who.int/ictrp/en/,200,73598,20200522,20200522,ICTRP
20200525 03:13:25 GMT,https://clinicaltrials.gov/ct2/download_studies?cond=COVID-19&lupd_s=05%2F26%2F2020,404,21,20200525,,ClinicalTrials.gov
20200525 03:13:29 GMT,https://www.who.int/ictrp/en/,200,73598,20200522,20200522,ICTRP
20200525 04:13:26 GMT,https://clinicaltrials.gov/ct2/download_studies?cond=COVID-19&lupd_s=05%2F26%2F2020,404,21,20200525,,ClinicalTrials.gov
20200525 04:13:26 GMT,https://www.who.int/ictrp/en/,200,73598,20200522,20200522,ICTRP
20200525 05:13:25 GMT,https://clinicaltrials.gov/ct2/download_studies?cond=COVID-19&lupd_s=05%2F26%2F2020,404,21,20200525,,ClinicalTrials.gov
20200525 05:13:27 GMT,https://www.who.int/ictrp/en/,200,73602,20200522,20200522,ICTRP
20200525 06:13:25 GMT,https://clinicaltrials.gov/ct2/download_studies?cond=COVID-19&lupd_s=05%2F26%2F2020,404,21,20200525,,ClinicalTrials.gov
20200525 06:13:26 GMT,https://www.who.int/ictrp/en/,200,73602,20200522,20200522,ICTRP
20200525 07:13:25 GMT,https://clinicaltrials.gov/ct2/download_studies?cond=COVID-19&lupd_s=05%2F26%2F2020,404,21,20200525,,ClinicalTrials.gov
20200525 07:13:26 GMT,https://www.who.int/ictrp/en/,200,73602,20200522,20200522,ICTRP
20200525 08:13:25 GMT,https://clinicaltrials.gov/ct2/download_studies?cond=COVID-19&lupd_s=05%2F26%2F2020,404,21,20200525,,ClinicalTrials.gov
20200525 08:13:26 GMT,https://www.who.int/ictrp/en/,200,73602,20200522,20200522,ICTRP
20200525 09:13:25 GMT,https://clinicaltrials.gov/ct2/download_studies?cond=COVID-19&lupd_s=05%2F26%2F2020,404,21,20200525,,ClinicalTrials.gov
20200525 09:13:26 GMT,https://www.who.int/ictrp/en/,200,73602,20200522,20200522,ICTRP
20200525 10:13:26 GMT,https://clinicaltrials.gov/ct2/download_studies?cond=COVID-19&lupd_s=05%2F26%2F2020,404,21,20200525,,ClinicalTrials.gov
20200525 10:13:26 GMT,https://www.who.int/ictrp/en/,200,73602,20200522,20200522,ICTRP
20200525 11:13:25 GMT,https://clinicaltrials.gov/ct2/download_studies?cond=COVID-19&lupd_s=05%2F26%2F2020,404,21,20200525,,ClinicalTrials.gov
20200525 11:13:26 GMT,https://www.who.int/ictrp/en/,200,73598,20200522,20200522,ICTRP
20200525 12:13:25 GMT,https://clinicaltrials.gov/ct2/download_studies?cond=COVID-19&lupd_s=05%2F26%2F2020,404,21,20200525,,ClinicalTrials.gov
20200525 12:13:26 GMT,https://www.who.int/ictrp/en/,200,73598,20200522,20200522,ICTRP
20200525 13:13:25 GMT,https://clinicaltrials.gov/ct2/download_studies?cond=COVID-19&lupd_s=05%2F26%2F2020,404,21,20200525,,ClinicalTrials.gov
20200525 13:13:26 GMT,https://www.who.int/ictrp/en/,200,73598,20200522,20200522,ICTRP
20200525 14:13:25 GMT,https://clinicaltrials.gov/ct2/download_studies?cond=COVID-19&lupd_s=05%2F26%2F2020,404,21,20200525,,ClinicalTrials.gov
20200525 14:13:26 GMT,https://www.who.int/ictrp/en/,200,73598,20200522,20200522,ICTRP
20200525 15:13:25 GMT,https://clinicaltrials.gov/ct2/download_studies?cond=COVID-19&lupd_s=05%2F26%2F2020,404,21,20200525,,ClinicalTrials.gov
20200525 15:13:26 GMT,https://www.who.int/ictrp/en/,200,73598,20200522,20200522,ICTRP
20200525 16:13:25 GMT,https://clinicaltrials.gov/ct2/download_studies?cond=COVID-19&lupd_s=05%2F26%2F2020,404,21,20200525,,ClinicalTrials.gov
20200525 16:13:26 GMT,https://www.who.int/ictrp/en/,200,73598,20200522,20200522,ICTRP
20200525 17:13:26 GMT,https://clinicaltrials.gov/ct2/download_studies?cond=COVID-19&lupd_s=05%2F26%2F2020,404,21,20200525,,ClinicalTrials.gov
20200525 17:13:26 GMT,https://www.who.int/ictrp/en/,200,73598,20200522,20200522,ICTRP
20200525 18:13:29 GMT,https://clinicaltrials.gov/ct2/download_studies?cond=COVID-19&lupd_s=05%2F26%2F2020,404,21,20200525,,ClinicalTrials.gov
20200525 18:13:29 GMT,https://www.who.int/ictrp/en/,200,73598,20200522,20200522,ICTRP
20200525 19:13:28 GMT,https://clinicaltrials.gov/ct2/download_studies?cond=COVID-19&lupd_s=05%2F26%2F2020,404,21,20200525,,ClinicalTrials.gov
20200525 19:13:28 GMT,https://www.who.int/ictrp/en/,200,73598,20200522,20200522,ICTRP
20200525 20:13:28 GMT,https://clinicaltrials.gov/ct2/download_studies?cond=COVID-19&lupd_s=05%2F26%2F2020,404,21,20200525,,ClinicalTrials.gov
20200525 20:13:29 GMT,https://www.who.int/ictrp/en/,200,73598,20200522,20200522,ICTRP
20200525 21:13:28 GMT,https://clinicaltrials.gov/ct2/download_studies?cond=COVID-19&lupd_s=05%2F26%2F2020,404,21,20200525,,ClinicalTrials.gov
20200525 21:13:29 GMT,https://www.who.int/ictrp/en/,200,73598,20200522,20200522,ICTRP
20200525 22:13:28 GMT,https://clinicaltrials.gov/ct2/download_studies?cond=COVID-19&lupd_s=05%2F26%2F2020,404,21,20200525,,ClinicalTrials.gov
20200525 22:13:29 GMT,https://www.who.int/ictrp/en/,200,73598,20200522,20200522,ICTRP
20200525 23:13:28 GMT,https://clinicaltrials.gov/ct2/download_studies?cond=COVID-19&lupd_s=05%2F26%2F2020,404,21,20200525,,ClinicalTrials.gov
20200525 23:13:29 GMT,https://www.who.int/ictrp/en/,200,73598,20200522,20200522,ICTRP
20200526 00:13:29 GMT,https://clinicaltrials.gov/ct2/download_studies?cond=COVID-19&lupd_s=05%2F26%2F2020,404,21,20200525,,ClinicalTrials.gov
20200526 00:13:29 GMT,https://www.who.int/ictrp/en/,200,73598,20200522,20200522,ICTRP
20200526 01:13:28 GMT,https://clinicaltrials.gov/ct2/download_studies?cond=COVID-19&lupd_s=05%2F26%2F2020,404,21,20200525,,ClinicalTrials.gov
20200526 01:13:29 GMT,https://www.who.int/ictrp/en/,200,73598,20200522,20200522,ICTRP
20200526 02:13:28 GMT,https://clinicaltrials.gov/ct2/download_studies?cond=COVID-19&lupd_s=05%2F26%2F2020,404,21,20200525,,ClinicalTrials.gov
20200526 02:13:29 GMT,https://www.who.int/ictrp/en/,200,73598,20200522,20200522,ICTRP
20200526 03:13:28 GMT,https://clinicaltrials.gov/ct2/download_studies?cond=COVID-19&lupd_s=05%2F26%2F2020,404,21,20200525,,ClinicalTrials.gov
20200526 03:13:29 GMT,https://www.who.int/ictrp/en/,200,73598,20200522,20200522,ICTRP
20200526 04:13:28 GMT,https://clinicaltrials.gov/ct2/download_studies?cond=COVID-19&lupd_s=05%2F26%2F2020,404,21,20200525,,ClinicalTrials.gov
20200526 04:13:29 GMT,https://www.who.int/ictrp/en/,200,73598,20200522,20200522,ICTRP
20200526 08:13:28 GMT,https://clinicaltrials.gov/ct2/download_studies?cond=COVID-19&lupd_s=05%2F26%2F2020,404,21,20200525,,ClinicalTrials.gov
20200526 08:13:29 GMT,https://www.who.int/ictrp/en/,200,73598,20200522,20200522,ICTRP
20200526 09:13:28 GMT,https://clinicaltrials.gov/ct2/download_studies?cond=COVID-19&lupd_s=05%2F26%2F2020,404,21,20200525,,ClinicalTrials.gov
20200526 10:13:28 GMT,https://clinicaltrials.gov/ct2/download_studies?cond=COVID-19&lupd_s=05%2F26%2F2020,404,21,20200525,,ClinicalTrials.gov
20200526 10:13:29 GMT,https://www.who.int/ictrp/en/,200,73598,20200522,20200522,ICTRP
20200526 14:13:28 GMT,https://clinicaltrials.gov/ct2/download_studies?cond=COVID-19&lupd_s=05%2F26%2F2020,404,21,20200525,,ClinicalTrials.gov
20200526 14:13:29 GMT,https://www.who.int/ictrp/en/,200,73598,20200526,20200526,ICTRP
20200526 15:13:28 GMT,https://clinicaltrials.gov/ct2/download_studies?cond=COVID-19&lupd_s=05%2F26%2F2020,404,21,20200525,,ClinicalTrials.gov
20200526 15:13:29 GMT,https://www.who.int/ictrp/en/,200,73598,20200526,20200526,ICTRP
20200526 16:13:28 GMT,https://clinicaltrials.gov/ct2/download_studies?cond=COVID-19&lupd_s=05%2F26%2F2020,404,21,20200525,,ClinicalTrials.gov
20200526 05:13:28 GMT,https://clinicaltrials.gov/ct2/download_studies?cond=COVID-19&lupd_s=05%2F26%2F2020,404,21,20200525,,ClinicalTrials.gov
20200526 05:13:29 GMT,https://www.who.int/ictrp/en/,200,73598,20200522,20200522,ICTRP
20200526 06:13:29 GMT,https://clinicaltrials.gov/ct2/download_studies?cond=COVID-19&lupd_s=05%2F26%2F2020,404,21,20200525,,ClinicalTrials.gov
20200526 06:13:29 GMT,https://www.who.int/ictrp/en/,200,73598,20200522,20200522,ICTRP
20200526 07:13:28 GMT,https://clinicaltrials.gov/ct2/download_studies?cond=COVID-19&lupd_s=05%2F26%2F2020,404,21,20200525,,ClinicalTrials.gov
20200526 07:13:29 GMT,https://www.who.int/ictrp/en/,200,73598,20200522,20200522,ICTRP
20200526 09:13:29 GMT,https://www.who.int/ictrp/en/,200,73598,20200522,20200522,ICTRP
20200526 11:13:28 GMT,https://clinicaltrials.gov/ct2/download_studies?cond=COVID-19&lupd_s=05%2F26%2F2020,404,21,20200525,,ClinicalTrials.gov
20200526 11:13:29 GMT,https://www.who.int/ictrp/en/,200,73598,20200522,20200522,ICTRP
20200526 12:13:29 GMT,https://www.who.int/ictrp/en/,200,73598,20200522,20200522,ICTRP
20200526 12:13:29 GMT,https://clinicaltrials.gov/ct2/download_studies?cond=COVID-19&lupd_s=05%2F26%2F2020,404,21,20200525,,ClinicalTrials.gov
20200526 13:13:28 GMT,https://clinicaltrials.gov/ct2/download_studies?cond=COVID-19&lupd_s=05%2F26%2F2020,404,21,20200525,,ClinicalTrials.gov
20200526 13:13:29 GMT,https://www.who.int/ictrp/en/,200,73598,20200522,20200526,ICTRP
20200526 13:13:33 GMT,https://www.who.int/ictrp/COVID19-web.csv,200,9694050,20200522,20200526,ICTRP
20200526 16:13:30 GMT,https://www.who.int/ictrp/en/,200,73598,20200526,20200526,ICTRP
20200526 17:13:28 GMT,https://clinicaltrials.gov/ct2/download_studies?cond=COVID-19&lupd_s=05%2F26%2F2020,404,21,20200525,,ClinicalTrials.gov
20200526 17:13:30 GMT,https://www.who.int/ictrp/en/,200,73598,20200526,20200526,ICTRP
20200526 18:13:28 GMT,https://clinicaltrials.gov/ct2/download_studies?cond=COVID-19&lupd_s=05%2F26%2F2020,404,21,20200525,,ClinicalTrials.gov
20200526 18:13:29 GMT,https://www.who.int/ictrp/en/,200,73598,20200526,20200526,ICTRP
20200526 19:13:29 GMT,https://www.who.int/ictrp/en/,200,73598,20200526,20200526,ICTRP
20200526 19:13:29 GMT,https://clinicaltrials.gov/ct2/download_studies?cond=COVID-19&lupd_s=05%2F26%2F2020,404,21,20200525,,ClinicalTrials.gov
20200526 20:13:28 GMT,https://clinicaltrials.gov/ct2/download_studies?cond=COVID-19&lupd_s=05%2F26%2F2020,404,21,20200525,,ClinicalTrials.gov
20200526 20:13:29 GMT,https://www.who.int/ictrp/en/,200,73598,20200526,20200526,ICTRP
20200526 21:13:28 GMT,https://clinicaltrials.gov/ct2/download_studies?cond=COVID-19&lupd_s=05%2F26%2F2020,404,21,20200525,,ClinicalTrials.gov
20200526 21:13:29 GMT,https://www.who.int/ictrp/en/,200,73598,20200526,20200526,ICTRP
20200526 22:13:28 GMT,https://clinicaltrials.gov/ct2/download_studies?cond=COVID-19&lupd_s=05%2F26%2F2020,404,21,20200525,,ClinicalTrials.gov
20200526 22:13:29 GMT,https://www.who.int/ictrp/en/,200,73598,20200526,20200526,ICTRP
20200526 23:13:28 GMT,https://clinicaltrials.gov/ct2/download_studies?cond=COVID-19&lupd_s=05%2F26%2F2020,404,21,20200525,,ClinicalTrials.gov
20200526 23:13:29 GMT,https://www.who.int/ictrp/en/,200,73598,20200526,20200526,ICTRP
20200527 00:13:28 GMT,https://clinicaltrials.gov/ct2/download_studies?cond=COVID-19&lupd_s=05%2F26%2F2020,404,21,20200525,,ClinicalTrials.gov
20200527 00:13:29 GMT,https://www.who.int/ictrp/en/,200,73598,20200526,20200526,ICTRP
20200527 01:13:29 GMT,https://www.who.int/ictrp/en/,200,73598,20200526,20200526,ICTRP
20200527 01:13:31 GMT,https://clinicaltrials.gov/ct2/download_studies?cond=COVID-19&lupd_s=05%2F26%2F2020,404,21,20200525,,ClinicalTrials.gov
20200527 02:13:28 GMT,https://clinicaltrials.gov/ct2/download_studies?cond=COVID-19&lupd_s=05%2F26%2F2020,404,21,20200525,,ClinicalTrials.gov
20200527 02:13:29 GMT,https://www.who.int/ictrp/en/,200,73598,20200526,20200526,ICTRP
20200527 03:13:28 GMT,https://clinicaltrials.gov/ct2/download_studies?cond=COVID-19&lupd_s=05%2F26%2F2020,404,21,20200525,,ClinicalTrials.gov
20200527 03:13:29 GMT,https://www.who.int/ictrp/en/,200,73598,20200526,20200526,ICTRP
20200527 04:13:28 GMT,https://clinicaltrials.gov/ct2/download_studies?cond=COVID-19&lupd_s=05%2F26%2F2020,404,21,20200525,,ClinicalTrials.gov
20200527 04:13:29 GMT,https://www.who.int/ictrp/en/,200,73598,20200526,20200526,ICTRP
20200527 05:13:28 GMT,https://clinicaltrials.gov/ct2/download_studies?cond=COVID-19&lupd_s=05%2F26%2F2020,404,21,20200525,,ClinicalTrials.gov
20200527 05:13:29 GMT,https://www.who.int/ictrp/en/,200,73598,20200526,20200526,ICTRP
20200527 06:13:29 GMT,https://clinicaltrials.gov/ct2/download_studies?cond=COVID-19&lupd_s=05%2F26%2F2020,404,21,20200525,,ClinicalTrials.gov
20200527 06:13:29 GMT,https://www.who.int/ictrp/en/,200,73598,20200526,20200526,ICTRP
20200527 07:13:29 GMT,https://clinicaltrials.gov/ct2/download_studies?cond=COVID-19&lupd_s=05%2F26%2F2020,404,21,20200525,,ClinicalTrials.gov
20200527 07:13:29 GMT,https://www.who.int/ictrp/en/,200,73598,20200526,20200526,ICTRP
20200527 08:13:29 GMT,https://clinicaltrials.gov/ct2/download_studies?cond=COVID-19&lupd_s=05%2F26%2F2020,404,21,20200525,,ClinicalTrials.gov
20200527 08:13:30 GMT,https://www.who.int/ictrp/en/,200,73598,20200526,20200526,ICTRP
20200527 09:13:29 GMT,https://clinicaltrials.gov/ct2/download_studies?cond=COVID-19&lupd_s=05%2F26%2F2020,404,21,20200525,,ClinicalTrials.gov
20200527 09:13:29 GMT,https://www.who.int/ictrp/en/,200,73598,20200526,20200526,ICTRP
20200527 10:13:29 GMT,https://clinicaltrials.gov/ct2/download_studies?cond=COVID-19&lupd_s=05%2F26%2F2020,404,21,20200525,,ClinicalTrials.gov
20200527 10:13:30 GMT,https://www.who.int/ictrp/en/,200,73598,20200526,20200526,ICTRP
20200527 11:13:29 GMT,https://clinicaltrials.gov/ct2/download_studies?cond=COVID-19&lupd_s=05%2F26%2F2020,404,21,20200525,,ClinicalTrials.gov
20200527 11:13:29 GMT,https://www.who.int/ictrp/en/,200,73598,20200526,20200526,ICTRP
20200527 12:13:29 GMT,https://clinicaltrials.gov/ct2/download_studies?cond=COVID-19&lupd_s=05%2F26%2F2020,404,21,20200525,,ClinicalTrials.gov
20200527 12:13:30 GMT,https://www.who.int/ictrp/en/,200,73598,20200526,20200526,ICTRP
20200527 13:13:29 GMT,https://clinicaltrials.gov/ct2/download_studies?cond=COVID-19&lupd_s=05%2F26%2F2020,200,21,20200525,,ClinicalTrials.gov
20200527 13:13:29 GMT,https://www.who.int/ictrp/en/,200,73598,20200526,20200526,ICTRP
20200527 14:13:29 GMT,https://clinicaltrials.gov/ct2/download_studies?cond=COVID-19&lupd_s=05%2F28%2F2020,404,21,20200527,,ClinicalTrials.gov
20200527 14:13:31 GMT,https://www.who.int/ictrp/en/,200,73598,20200526,20200526,ICTRP
20200527 15:13:29 GMT,https://clinicaltrials.gov/ct2/download_studies?cond=COVID-19&lupd_s=05%2F28%2F2020,404,21,20200527,,ClinicalTrials.gov
20200527 15:13:29 GMT,https://www.who.int/ictrp/en/,200,73598,20200526,20200526,ICTRP
20200527 16:13:29 GMT,https://clinicaltrials.gov/ct2/download_studies?cond=COVID-19&lupd_s=05%2F28%2F2020,404,21,20200527,,ClinicalTrials.gov
20200527 16:13:29 GMT,https://www.who.int/ictrp/en/,200,73598,20200526,20200526,ICTRP
20200527 17:13:29 GMT,https://clinicaltrials.gov/ct2/download_studies?cond=COVID-19&lupd_s=05%2F28%2F2020,404,21,20200527,,ClinicalTrials.gov
20200527 17:13:29 GMT,https://www.who.int/ictrp/en/,200,73598,20200526,20200526,ICTRP
20200527 18:13:29 GMT,https://clinicaltrials.gov/ct2/download_studies?cond=COVID-19&lupd_s=05%2F28%2F2020,404,21,20200527,,ClinicalTrials.gov
20200527 18:13:29 GMT,https://www.who.int/ictrp/en/,200,73598,20200526,20200526,ICTRP
20200527 19:13:29 GMT,https://clinicaltrials.gov/ct2/download_studies?cond=COVID-19&lupd_s=05%2F28%2F2020,404,21,20200527,,ClinicalTrials.gov
20200527 19:13:29 GMT,https://www.who.int/ictrp/en/,200,73598,20200526,20200526,ICTRP
20200527 20:13:29 GMT,https://clinicaltrials.gov/ct2/download_studies?cond=COVID-19&lupd_s=05%2F28%2F2020,404,21,20200527,,ClinicalTrials.gov
20200527 20:13:29 GMT,https://www.who.int/ictrp/en/,200,73598,20200526,20200526,ICTRP
20200527 21:13:29 GMT,https://clinicaltrials.gov/ct2/download_studies?cond=COVID-19&lupd_s=05%2F28%2F2020,404,21,20200527,,ClinicalTrials.gov
20200527 21:13:30 GMT,https://www.who.int/ictrp/en/,200,73598,20200526,20200526,ICTRP
20200527 22:13:29 GMT,https://clinicaltrials.gov/ct2/download_studies?cond=COVID-19&lupd_s=05%2F28%2F2020,404,21,20200527,,ClinicalTrials.gov
20200527 22:13:30 GMT,https://www.who.int/ictrp/en/,200,73598,20200526,20200526,ICTRP
20200527 23:13:29 GMT,https://clinicaltrials.gov/ct2/download_studies?cond=COVID-19&lupd_s=05%2F28%2F2020,404,21,20200527,,ClinicalTrials.gov
20200527 23:13:30 GMT,https://www.who.int/ictrp/en/,200,73598,20200526,20200526,ICTRP
20200528 00:13:29 GMT,https://clinicaltrials.gov/ct2/download_studies?cond=COVID-19&lupd_s=05%2F28%2F2020,404,21,20200527,,ClinicalTrials.gov
20200528 00:13:30 GMT,https://www.who.int/ictrp/en/,200,73598,20200526,20200526,ICTRP
20200528 01:13:29 GMT,https://clinicaltrials.gov/ct2/download_studies?cond=COVID-19&lupd_s=05%2F28%2F2020,404,21,20200527,,ClinicalTrials.gov
20200528 01:13:30 GMT,https://www.who.int/ictrp/en/,200,73598,20200526,20200526,ICTRP
20200528 02:13:29 GMT,https://clinicaltrials.gov/ct2/download_studies?cond=COVID-19&lupd_s=05%2F28%2F2020,404,21,20200527,,ClinicalTrials.gov
20200528 02:13:30 GMT,https://www.who.int/ictrp/en/,200,73598,20200526,20200526,ICTRP
20200528 03:13:29 GMT,https://clinicaltrials.gov/ct2/download_studies?cond=COVID-19&lupd_s=05%2F28%2F2020,404,21,20200527,,ClinicalTrials.gov
20200528 03:13:29 GMT,https://www.who.int/ictrp/en/,200,73598,20200526,20200526,ICTRP
20200528 04:13:29 GMT,https://clinicaltrials.gov/ct2/download_studies?cond=COVID-19&lupd_s=05%2F28%2F2020,404,21,20200527,,ClinicalTrials.gov
20200528 04:13:30 GMT,https://www.who.int/ictrp/en/,200,73598,20200526,20200526,ICTRP
20200528 05:13:29 GMT,https://clinicaltrials.gov/ct2/download_studies?cond=COVID-19&lupd_s=05%2F28%2F2020,404,21,20200527,,ClinicalTrials.gov
20200528 05:13:30 GMT,https://www.who.int/ictrp/en/,200,73598,20200526,20200526,ICTRP
20200528 06:13:29 GMT,https://clinicaltrials.gov/ct2/download_studies?cond=COVID-19&lupd_s=05%2F28%2F2020,404,21,20200527,,ClinicalTrials.gov
20200528 06:13:30 GMT,https://www.who.int/ictrp/en/,200,73598,20200526,20200526,ICTRP
20200528 07:13:29 GMT,https://clinicaltrials.gov/ct2/download_studies?cond=COVID-19&lupd_s=05%2F28%2F2020,404,21,20200527,,ClinicalTrials.gov
20200528 07:13:29 GMT,https://www.who.int/ictrp/en/,200,73598,20200526,20200526,ICTRP
20200528 08:13:29 GMT,https://clinicaltrials.gov/ct2/download_studies?cond=COVID-19&lupd_s=05%2F28%2F2020,404,21,20200527,,ClinicalTrials.gov
20200528 08:13:30 GMT,https://www.who.int/ictrp/en/,200,73598,20200526,20200526,ICTRP
20200528 09:13:29 GMT,https://clinicaltrials.gov/ct2/download_studies?cond=COVID-19&lupd_s=05%2F28%2F2020,404,21,20200527,,ClinicalTrials.gov
20200528 09:13:30 GMT,https://www.who.int/ictrp/en/,200,73598,20200526,20200526,ICTRP
20200528 10:13:29 GMT,https://clinicaltrials.gov/ct2/download_studies?cond=COVID-19&lupd_s=05%2F28%2F2020,404,21,20200527,,ClinicalTrials.gov
20200528 10:13:30 GMT,https://www.who.int/ictrp/en/,200,73598,20200526,20200526,ICTRP
20200528 11:13:29 GMT,https://clinicaltrials.gov/ct2/download_studies?cond=COVID-19&lupd_s=05%2F28%2F2020,404,21,20200527,,ClinicalTrials.gov
20200528 11:13:30 GMT,https://www.who.int/ictrp/en/,200,73598,20200526,20200526,ICTRP
20200528 12:13:29 GMT,https://clinicaltrials.gov/ct2/download_studies?cond=COVID-19&lupd_s=05%2F28%2F2020,404,21,20200527,,ClinicalTrials.gov
20200528 12:13:30 GMT,https://www.who.int/ictrp/en/,200,73598,20200526,20200526,ICTRP
20200528 13:13:29 GMT,https://clinicaltrials.gov/ct2/download_studies?cond=COVID-19&lupd_s=05%2F28%2F2020,404,21,20200527,,ClinicalTrials.gov
20200528 13:13:30 GMT,https://www.who.int/ictrp/en/,200,73598,20200526,20200526,ICTRP
20200528 14:13:30 GMT,https://www.who.int/ictrp/en/,200,73598,20200526,20200526,ICTRP
20200528 15:13:29 GMT,https://clinicaltrials.gov/ct2/download_studies?cond=COVID-19&lupd_s=05%2F28%2F2020,200,21,20200527,,ClinicalTrials.gov
20200528 15:13:30 GMT,https://www.who.int/ictrp/en/,200,73598,20200526,20200526,ICTRP
20200528 16:13:30 GMT,https://clinicaltrials.gov/ct2/download_studies?cond=COVID-19&lupd_s=05%2F29%2F2020,404,21,20200528,,ClinicalTrials.gov
20200528 16:13:31 GMT,https://www.who.int/ictrp/en/,200,73598,20200526,20200526,ICTRP
20200528 17:13:29 GMT,https://clinicaltrials.gov/ct2/download_studies?cond=COVID-19&lupd_s=05%2F29%2F2020,404,21,20200528,,ClinicalTrials.gov
20200528 17:13:31 GMT,https://www.who.int/ictrp/en/,200,73598,20200526,20200526,ICTRP
20200528 18:13:29 GMT,https://clinicaltrials.gov/ct2/download_studies?cond=COVID-19&lupd_s=05%2F29%2F2020,404,21,20200528,,ClinicalTrials.gov
20200528 18:13:30 GMT,https://www.who.int/ictrp/en/,200,73598,20200526,20200526,ICTRP
20200528 19:13:29 GMT,https://clinicaltrials.gov/ct2/download_studies?cond=COVID-19&lupd_s=05%2F29%2F2020,404,21,20200528,,ClinicalTrials.gov
20200528 19:13:30 GMT,https://www.who.int/ictrp/en/,200,73598,20200526,20200526,ICTRP
20200528 20:13:29 GMT,https://clinicaltrials.gov/ct2/download_studies?cond=COVID-19&lupd_s=05%2F29%2F2020,404,21,20200528,,ClinicalTrials.gov
20200528 20:13:30 GMT,https://www.who.int/ictrp/en/,200,73598,20200526,20200526,ICTRP
20200528 21:13:29 GMT,https://clinicaltrials.gov/ct2/download_studies?cond=COVID-19&lupd_s=05%2F29%2F2020,404,21,20200528,,ClinicalTrials.gov
20200528 21:13:30 GMT,https://www.who.int/ictrp/en/,200,73598,20200526,20200526,ICTRP
20200528 22:13:30 GMT,https://clinicaltrials.gov/ct2/download_studies?cond=COVID-19&lupd_s=05%2F29%2F2020,404,21,20200528,,ClinicalTrials.gov
20200528 22:13:30 GMT,https://www.who.int/ictrp/en/,200,73598,20200526,20200526,ICTRP
20200528 23:13:29 GMT,https://clinicaltrials.gov/ct2/download_studies?cond=COVID-19&lupd_s=05%2F29%2F2020,404,21,20200528,,ClinicalTrials.gov
20200528 23:13:30 GMT,https://www.who.int/ictrp/en/,200,73598,20200526,20200526,ICTRP
20200529 00:13:29 GMT,https://clinicaltrials.gov/ct2/download_studies?cond=COVID-19&lupd_s=05%2F29%2F2020,404,21,20200528,,ClinicalTrials.gov
20200529 00:13:31 GMT,https://www.who.int/ictrp/en/,200,73598,20200526,20200526,ICTRP
20200529 01:13:29 GMT,https://clinicaltrials.gov/ct2/download_studies?cond=COVID-19&lupd_s=05%2F29%2F2020,404,21,20200528,,ClinicalTrials.gov
20200529 01:13:30 GMT,https://www.who.int/ictrp/en/,200,73598,20200526,20200526,ICTRP
20200529 02:13:29 GMT,https://clinicaltrials.gov/ct2/download_studies?cond=COVID-19&lupd_s=05%2F29%2F2020,404,21,20200528,,ClinicalTrials.gov
20200529 02:13:30 GMT,https://www.who.int/ictrp/en/,200,73598,20200526,20200526,ICTRP
20200529 03:13:29 GMT,https://clinicaltrials.gov/ct2/download_studies?cond=COVID-19&lupd_s=05%2F29%2F2020,404,21,20200528,,ClinicalTrials.gov
20200529 03:13:31 GMT,https://www.who.int/ictrp/en/,200,73598,20200526,20200526,ICTRP
20200529 04:13:30 GMT,https://clinicaltrials.gov/ct2/download_studies?cond=COVID-19&lupd_s=05%2F29%2F2020,404,21,20200528,,ClinicalTrials.gov
20200529 04:13:30 GMT,https://www.who.int/ictrp/en/,200,73598,20200526,20200526,ICTRP
20200529 05:13:29 GMT,https://clinicaltrials.gov/ct2/download_studies?cond=COVID-19&lupd_s=05%2F29%2F2020,404,21,20200528,,ClinicalTrials.gov
20200529 05:13:30 GMT,https://www.who.int/ictrp/en/,200,73598,20200526,20200526,ICTRP
20200529 06:13:29 GMT,https://clinicaltrials.gov/ct2/download_studies?cond=COVID-19&lupd_s=05%2F29%2F2020,404,21,20200528,,ClinicalTrials.gov
20200529 06:13:30 GMT,https://www.who.int/ictrp/en/,200,73598,20200526,20200526,ICTRP
20200529 07:13:29 GMT,https://clinicaltrials.gov/ct2/download_studies?cond=COVID-19&lupd_s=05%2F29%2F2020,404,21,20200528,,ClinicalTrials.gov
20200529 07:13:30 GMT,https://www.who.int/ictrp/en/,200,73598,20200526,20200526,ICTRP
20200529 08:13:29 GMT,https://clinicaltrials.gov/ct2/download_studies?cond=COVID-19&lupd_s=05%2F29%2F2020,404,21,20200528,,ClinicalTrials.gov
20200529 08:13:31 GMT,https://www.who.int/ictrp/en/,200,73598,20200526,20200526,ICTRP
20200529 09:13:29 GMT,https://clinicaltrials.gov/ct2/download_studies?cond=COVID-19&lupd_s=05%2F29%2F2020,404,21,20200528,,ClinicalTrials.gov
20200529 09:13:31 GMT,https://www.who.int/ictrp/en/,200,73597,20200526,20200529,ICTRP
20200529 09:13:35 GMT,https://www.who.int/ictrp/COVID19-web.csv,200,9855238,20200526,20200529,ICTRP
20200529 10:13:30 GMT,https://clinicaltrials.gov/ct2/download_studies?cond=COVID-19&lupd_s=05%2F29%2F2020,404,21,20200528,,ClinicalTrials.gov
20200529 10:13:30 GMT,https://www.who.int/ictrp/en/,200,73597,20200529,20200529,ICTRP
20200529 11:13:29 GMT,https://clinicaltrials.gov/ct2/download_studies?cond=COVID-19&lupd_s=05%2F29%2F2020,404,21,20200528,,ClinicalTrials.gov
20200529 11:13:31 GMT,https://www.who.int/ictrp/en/,200,73597,20200529,20200529,ICTRP
20200529 12:13:29 GMT,https://clinicaltrials.gov/ct2/download_studies?cond=COVID-19&lupd_s=05%2F29%2F2020,404,21,20200528,,ClinicalTrials.gov
20200529 12:13:31 GMT,https://www.who.int/ictrp/en/,200,73597,20200529,20200529,ICTRP
20200529 13:13:29 GMT,https://clinicaltrials.gov/ct2/download_studies?cond=COVID-19&lupd_s=05%2F29%2F2020,404,21,20200528,,ClinicalTrials.gov
20200529 13:13:31 GMT,https://www.who.int/ictrp/en/,200,73597,20200529,20200529,ICTRP
20200529 14:13:29 GMT,https://clinicaltrials.gov/ct2/download_studies?cond=COVID-19&lupd_s=05%2F29%2F2020,404,21,20200528,,ClinicalTrials.gov
20200529 14:13:30 GMT,https://www.who.int/ictrp/en/,200,73597,20200529,20200529,ICTRP
20200529 15:13:29 GMT,https://clinicaltrials.gov/ct2/download_studies?cond=COVID-19&lupd_s=05%2F29%2F2020,404,21,20200528,,ClinicalTrials.gov
20200529 15:13:30 GMT,https://www.who.int/ictrp/en/,200,73597,20200529,20200529,ICTRP
20200529 16:13:30 GMT,https://clinicaltrials.gov/ct2/download_studies?cond=COVID-19&lupd_s=05%2F29%2F2020,200,21,20200528,,ClinicalTrials.gov
20200529 16:13:31 GMT,https://www.who.int/ictrp/en/,200,73597,20200529,20200529,ICTRP
20200529 17:13:30 GMT,https://clinicaltrials.gov/ct2/download_studies?cond=COVID-19&lupd_s=05%2F30%2F2020,404,21,20200529,,ClinicalTrials.gov
20200529 17:13:31 GMT,https://www.who.int/ictrp/en/,200,73597,20200529,20200529,ICTRP
20200529 18:13:29 GMT,https://clinicaltrials.gov/ct2/download_studies?cond=COVID-19&lupd_s=05%2F30%2F2020,404,21,20200529,,ClinicalTrials.gov
20200529 18:13:31 GMT,https://www.who.int/ictrp/en/,200,73597,20200529,20200529,ICTRP
20200529 19:13:30 GMT,https://clinicaltrials.gov/ct2/download_studies?cond=COVID-19&lupd_s=05%2F30%2F2020,404,21,20200529,,ClinicalTrials.gov
20200529 19:13:31 GMT,https://www.who.int/ictrp/en/,200,73597,20200529,20200529,ICTRP
20200529 20:13:30 GMT,https://clinicaltrials.gov/ct2/download_studies?cond=COVID-19&lupd_s=05%2F30%2F2020,404,21,20200529,,ClinicalTrials.gov
20200529 20:13:31 GMT,https://www.who.int/ictrp/en/,200,73597,20200529,20200529,ICTRP
20200529 21:13:30 GMT,https://clinicaltrials.gov/ct2/download_studies?cond=COVID-19&lupd_s=05%2F30%2F2020,404,21,20200529,,ClinicalTrials.gov
20200529 21:13:31 GMT,https://www.who.int/ictrp/en/,200,73597,20200529,20200529,ICTRP
20200529 22:13:30 GMT,https://clinicaltrials.gov/ct2/download_studies?cond=COVID-19&lupd_s=05%2F30%2F2020,404,21,20200529,,ClinicalTrials.gov
20200529 22:13:31 GMT,https://www.who.int/ictrp/en/,200,73597,20200529,20200529,ICTRP
20200529 23:13:30 GMT,https://clinicaltrials.gov/ct2/download_studies?cond=COVID-19&lupd_s=05%2F30%2F2020,404,21,20200529,,ClinicalTrials.gov
20200529 23:13:31 GMT,https://www.who.int/ictrp/en/,200,73597,20200529,20200529,ICTRP
20200530 00:13:30 GMT,https://clinicaltrials.gov/ct2/download_studies?cond=COVID-19&lupd_s=05%2F30%2F2020,404,21,20200529,,ClinicalTrials.gov
20200530 00:13:32 GMT,https://www.who.int/ictrp/en/,200,73597,20200529,20200529,ICTRP
20200530 01:13:30 GMT,https://clinicaltrials.gov/ct2/download_studies?cond=COVID-19&lupd_s=05%2F30%2F2020,404,21,20200529,,ClinicalTrials.gov
20200530 01:13:31 GMT,https://www.who.int/ictrp/en/,200,73597,20200529,20200529,ICTRP
20200530 02:13:30 GMT,https://clinicaltrials.gov/ct2/download_studies?cond=COVID-19&lupd_s=05%2F30%2F2020,404,21,20200529,,ClinicalTrials.gov
20200530 02:13:31 GMT,https://www.who.int/ictrp/en/,200,73597,20200529,20200529,ICTRP
20200530 03:13:30 GMT,https://clinicaltrials.gov/ct2/download_studies?cond=COVID-19&lupd_s=05%2F30%2F2020,404,21,20200529,,ClinicalTrials.gov
20200530 03:13:31 GMT,https://www.who.int/ictrp/en/,200,73597,20200529,20200529,ICTRP
20200530 04:13:30 GMT,https://clinicaltrials.gov/ct2/download_studies?cond=COVID-19&lupd_s=05%2F30%2F2020,404,21,20200529,,ClinicalTrials.gov
20200530 04:13:31 GMT,https://www.who.int/ictrp/en/,200,73597,20200529,20200529,ICTRP
20200530 05:13:31 GMT,https://clinicaltrials.gov/ct2/download_studies?cond=COVID-19&lupd_s=05%2F30%2F2020,404,21,20200529,,ClinicalTrials.gov
20200530 05:13:31 GMT,https://www.who.int/ictrp/en/,200,73597,20200529,20200529,ICTRP
20200530 06:13:30 GMT,https://clinicaltrials.gov/ct2/download_studies?cond=COVID-19&lupd_s=05%2F30%2F2020,404,21,20200529,,ClinicalTrials.gov
20200530 06:13:31 GMT,https://www.who.int/ictrp/en/,200,73597,20200529,20200529,ICTRP
20200530 07:13:30 GMT,https://clinicaltrials.gov/ct2/download_studies?cond=COVID-19&lupd_s=05%2F30%2F2020,404,21,20200529,,ClinicalTrials.gov
20200530 07:13:31 GMT,https://www.who.int/ictrp/en/,200,73597,20200529,20200529,ICTRP
20200530 08:13:30 GMT,https://clinicaltrials.gov/ct2/download_studies?cond=COVID-19&lupd_s=05%2F30%2F2020,404,21,20200529,,ClinicalTrials.gov
20200530 08:13:31 GMT,https://www.who.int/ictrp/en/,200,73597,20200529,20200529,ICTRP
20200530 09:13:30 GMT,https://clinicaltrials.gov/ct2/download_studies?cond=COVID-19&lupd_s=05%2F30%2F2020,404,21,20200529,,ClinicalTrials.gov
20200530 09:13:31 GMT,https://www.who.int/ictrp/en/,200,73597,20200529,20200529,ICTRP
20200530 10:13:30 GMT,https://clinicaltrials.gov/ct2/download_studies?cond=COVID-19&lupd_s=05%2F30%2F2020,404,21,20200529,,ClinicalTrials.gov
20200530 10:13:31 GMT,https://www.who.int/ictrp/en/,200,73597,20200529,20200529,ICTRP
20200530 11:13:31 GMT,https://clinicaltrials.gov/ct2/download_studies?cond=COVID-19&lupd_s=05%2F30%2F2020,404,21,20200529,,ClinicalTrials.gov
20200530 11:13:32 GMT,https://www.who.int/ictrp/en/,200,73597,20200529,20200529,ICTRP
20200530 12:13:30 GMT,https://clinicaltrials.gov/ct2/download_studies?cond=COVID-19&lupd_s=05%2F30%2F2020,404,21,20200529,,ClinicalTrials.gov
20200530 12:13:31 GMT,https://www.who.int/ictrp/en/,200,73597,20200529,20200529,ICTRP
20200530 13:13:30 GMT,https://clinicaltrials.gov/ct2/download_studies?cond=COVID-19&lupd_s=05%2F30%2F2020,404,21,20200529,,ClinicalTrials.gov
20200530 13:13:31 GMT,https://www.who.int/ictrp/en/,200,73597,20200529,20200529,ICTRP
20200530 14:13:30 GMT,https://clinicaltrials.gov/ct2/download_studies?cond=COVID-19&lupd_s=05%2F30%2F2020,404,21,20200529,,ClinicalTrials.gov
20200530 14:13:31 GMT,https://www.who.int/ictrp/en/,200,73597,20200529,20200529,ICTRP
20200530 15:13:30 GMT,https://clinicaltrials.gov/ct2/download_studies?cond=COVID-19&lupd_s=05%2F30%2F2020,404,21,20200529,,ClinicalTrials.gov
20200530 15:13:31 GMT,https://www.who.int/ictrp/en/,200,73597,20200529,20200529,ICTRP
20200530 16:13:30 GMT,https://clinicaltrials.gov/ct2/download_studies?cond=COVID-19&lupd_s=05%2F30%2F2020,404,21,20200529,,ClinicalTrials.gov
20200530 16:13:31 GMT,https://www.who.int/ictrp/en/,200,73597,20200529,20200529,ICTRP
20200530 17:13:31 GMT,https://clinicaltrials.gov/ct2/download_studies?cond=COVID-19&lupd_s=05%2F30%2F2020,404,21,20200529,,ClinicalTrials.gov
20200530 17:13:31 GMT,https://www.who.int/ictrp/en/,200,73597,20200529,20200529,ICTRP
20200530 18:13:30 GMT,https://clinicaltrials.gov/ct2/download_studies?cond=COVID-19&lupd_s=05%2F30%2F2020,404,21,20200529,,ClinicalTrials.gov
20200530 18:13:32 GMT,https://www.who.int/ictrp/en/,200,73597,20200529,20200529,ICTRP
20200530 19:13:30 GMT,https://clinicaltrials.gov/ct2/download_studies?cond=COVID-19&lupd_s=05%2F30%2F2020,404,21,20200529,,ClinicalTrials.gov
20200530 19:13:32 GMT,https://www.who.int/ictrp/en/,200,73597,20200529,20200529,ICTRP
20200530 20:13:30 GMT,https://clinicaltrials.gov/ct2/download_studies?cond=COVID-19&lupd_s=05%2F30%2F2020,404,21,20200529,,ClinicalTrials.gov
20200530 20:13:34 GMT,https://www.who.int/ictrp/en/,200,73597,20200529,20200529,ICTRP
20200530 21:13:30 GMT,https://clinicaltrials.gov/ct2/download_studies?cond=COVID-19&lupd_s=05%2F30%2F2020,404,21,20200529,,ClinicalTrials.gov
20200530 21:13:32 GMT,https://www.who.int/ictrp/en/,200,73597,20200529,20200529,ICTRP
20200530 22:13:30 GMT,https://clinicaltrials.gov/ct2/download_studies?cond=COVID-19&lupd_s=05%2F30%2F2020,404,21,20200529,,ClinicalTrials.gov
20200530 22:13:32 GMT,https://www.who.int/ictrp/en/,200,73597,20200529,20200529,ICTRP
